Product,Price,Gender
Pique Joggers,50.4,1
Varsity Graphic Shorts,44.0,1
Lifting Club Graphic T-Shirt,34.0,0
"Sport 5"" 2 in 1 Shorts",42.0,1
Worldwide T-Shirt,42.0,1
Lifting Club Graphic T-Shirt,50.0,1
"Apex 5"" Perform Shorts",52.0,1
Everyday Sports Bra,30.0,0
Apex T-Shirt,46.0,1
Power Oversized Long Sleeve Top,40.0,0
Vital Seamless Short Leggings,54.0,0
Heritage Washed Stringer,30.0,1
Critical Zip Joggers,30.8,1
Back Gains Sports Bra,30.0,0
Sweatshirt Bralette,19.6,0
Contour Shorts,32.0,0
Arrival V-Neck T Shirt,22.0,1
Heritage Washed Sleeveless Zip Up Hoodie,30.0,1
Crop Mesh Tank,30.8,0
Retro Waistband Shorts,26.6,0
Sport 1/4 Zip,24.0,1
Varsity Mesh Shorts,38.0,1
Adapt Safari Seamless Bralette,42.0,0
Rest Day Essentials Cargo Joggers,44.8,1
Vital Seamless Leggings,54.0,0
Heritage Washed Hoodie,64.0,1
Ribbed Tank 1PK,16.0,1
"Land to Water 6"" Shorts",42.0,1
Oversized Performance T-Shirt,26.0,1
Arrival Woven Joggers,20.0,1
Blur Seamless Shorts,28.0,0
Lifting Straight Leg Joggers,56.0,0
I Love Squats Hoodie,40.0,0
"Speed Evolve 5"" 2 In 1 Shorts",42.0,1
Sport Dress,47.6,0
Crossover Leggings,50.0,0
Adapt Safari Tight Shorts,44.0,0
Rest Day Sweats 1/2 Zip Pullover,56.0,0
Glute Boost Seamless Shorts,38.4,0
Fraction Oversized T-Shirt,30.0,0
Lift Contour Seamless Shorts,46.0,0
Impact Shorts,32.0,1
Everyday Shelf Cami Tank,28.0,0
Ruched Strappy Sports Bra,30.0,0
Power Hoodie,58.0,1
Lifting Club Apparel Graphic Shorts,40.0,1
Loopback Sweat Shorts,35.0,0
Crest Oversized Zip Up Hoodie,48.0,1
Elevate Shorts,48.0,0
Sweat Seamless Sports Bra,46.0,0
Vital Seamless Short Bodysuit,58.0,0
"Printed Lifting Mesh 5"" Shorts",41.4,1
Elevate Tattoo Graphic Shorts,48.0,0
Critical Tank,28.0,1
XXL Graphic Stringer,28.0,1
Strong Women Shorts,28.0,0
Performance Polo Shirt,46.0,1
Cord Overshirt,64.0,1
Corset Seamless Crop Tank,40.0,0
Impact Drop Arm Tank,24.0,1
Mesh Placement Leggings,54.0,1
Essential Oversized Joggers,44.0,1
Superset Crop Zip Hoodie,50.0,0
Sport Seamless Midi Top,38.0,0
Vital Seamless 2.0 Crop Top,38.0,1
Tattoo Shorts,32.0,0
Micro Fleece Gilet,66.0,1
Everyday Seamless Long Sleeve Top,28.0,0
Lifting Crossover Cotton Shorts,42.0,0
Lifting Logo Leggings,42.0,0
Vital Seamless Sports Bra,42.0,0
"Sport  5"" Shorts",38.0,1
Boxer Brief 5PK,56.0,1
Fleece Oversized Hoodie,60.0,0
Premium Lifting T-Shirt,32.2,1
Training Long Sleeve Top,26.0,0
Strength Department Graphic Shorts,26.6,0
Sport Seamless Tank,21.0,1
Legacy Short Sleeve Crop Hoodie,26.6,1
React Drop Arm Tank,24.0,1
Powered By Pre Sweatshirt,36.8,0
Adapt Safari Seamless Bralette,42.0,0
Rest Day Sweats 1/2 Zip Pullover,56.0,0
Ribbed Shorts,21.0,0
Premium Lifting Drop Arm Tank,21.0,1
Pintuck Shorts,28.0,0
British Iron Heavyweight T-Shirt,50.0,0
Essential Oversized Joggers,44.0,1
Ruched Strappy Sports Bra,30.0,0
Buckle Waisted Shorts,32.0,0
Raglan T-Shirt,26.0,1
Vital Seamless Light Long Sleeve Top,40.0,0
Rest Day Cargo Pants,46.2,1
Heritage Washed T-Shirt,40.0,1
Double Up Sports Bra,34.0,0
Graphic Crew Socks 7PK,28.8,1
Tattoo Oversized Hoodie,40.0,0
Everyday Seamless Shorts,28.0,0
Element Baselayer Shorts,18.2,1
Flat Knit Joggers,80.0,1
Training Oversized T-Shirt,30.0,0
Strappy All in One,60.0,0
Stretch Woven Cargo Shorts,40.0,1
Scallop Hem Shaped Shorts,22.4,0
Rest Day Buttery Soft Long Sleeve Top,38.0,0
Superset Crop Zip Hoodie,50.0,0
Fleece Lined Pocket Leggings,23.2,0
Flex Sports Long Sleeve Crop Top,28.0,0
Elevate Longline Sports Bra,13.2,0
Elevate Shelf Tank,38.0,0
Strappy Back Light Support Sports Bra,26.6,0
Sweat Seamless Shorts,32.2,0
Crest V-Neck T Shirt,22.0,1
Stacked Hoodie,48.0,1
Legacy T-Bar Sports Bra,30.8,0
Power Zip Up Hoodie,60.0,1
Sweat Seamless Sports Bra 2.0,32.2,0
Premium Legacy Tank,38.0,0
everywear Track Pants,85.0,1
Rest Day Sweats Hoodie,60.0,0
Lifting Club Graphic Baby Tee,25.6,0
"Arrival 5"" Shorts",18.2,1
Apex Long Sleeve T-Shirt,52.0,1
Cotton Bodysuit,19.6,0
Corset Seamless Crop Tank,40.0,0
everywear Relaxed Hoodie,60.0,1
Grunge Oversized T-Shirt,32.0,1
React Drop Arm Tank,24.0,1
Strong Peach Crop Tank,18.0,0
Arrival Tank,20.0,1
Adapt Fleck Seamless Halterneck Bralette,32.2,0
"Lifting Club Mesh 5"" Shorts",28.0,1
Everyday Seamless Long Sleeve Crop Top,28.0,1
One Shoulder Sports Bra,30.0,0
Asymmetric Shelf Tank,25.2,0
Training Crop tank,20.0,0
I Heart Gym Joggers,30.8,0
"Sport  7"" Shorts",38.0,1
Icon 1 Trend Long Sleeve Top,35.2,0
"Sport 5"" Shorts",22.8,1
Heart Marl Leggings,37.8,0
Vital Seamless Regular Leggings,54.0,0
American Muscle Extreme Oversized T-Shirt,40.0,1
Built in the UK T-Shirt,38.0,1
Superset Tank,28.0,0
"Sport  5"" Shorts",38.0,1
Elevate Shorts,48.0,0
"Crest Cargo 7"" Shorts",30.0,1
Fitness Graphic Shorts,28.0,1
GSLC Weight Graphic Pants,40.0,0
Crest Oversized Hoodie,46.0,1
Element Baselayer Long Sleeve T-Shirt,28.0,1
Vital Seamless Sports Bra,42.0,0
Element Baselayer T-Shirt,19.8,1
Dumbells & Deadlifts Oversized T-Shirt,24.0,0
Critical 2.0 Drop Arm Tank,14.0,1
Training Fleece Cropped Sweatshirt,32.0,0
Premium Legacy Hoodie,80.0,1
Ribbed Legging,30.4,0
Tapered Woven Pants,56.0,0
Rest Day Sweats Joggers,56.0,0
Adapt Fleck Seamless Leggings,60.0,0
Ruched Sports Bra,30.0,1
Rest Day Sweat Shorts,46.0,0
Lifting Club Apparel Graphic T-Shirt,38.0,1
Barbell Hearts Oversized T-Shirt,32.0,0
Vital Seamless Sports Bra,42.0,0
GSLC Weight Graphic Pants,40.0,0
Lightweight High Support Sports Bra,32.0,0
Pintuck Shorts,22.4,0
Collegiate Joggers,44.0,0
Lift Contour Seamless Leggings,60.0,1
Printed Pumper Pants,49.5,1
Everyday Seamless Tight Fit Tee,28.0,0
Training Fleece Shorts,34.0,0
Speed 1/4 Zip,50.0,1
Graphic T-Reps Crew 3pk,18.0,1
Vital Seamless 1/4 Zip,44.0,1
Stitch Feature Sports Bra,28.0,0
Legacy Logo Tight Shorts,40.0,0
Ribbed Tank 1PK,16.0,1
Rest Day Sweat Joggers,44.8,0
Block Oversized T-Shirt,30.0,0
Element Baselayer T-Shirt,22.0,1
Essential Oversized Joggers,44.0,1
Essential Oversized T-Shirt,26.0,1
Rest Day Essentials Cargo Joggers,56.0,1
Premium Legacy Tank,30.0,1
Varsity Mesh Shorts,38.0,1
Elevated Power T-Shirt,38.0,0
Power Washed Joggers,56.0,1
Adapt Camo Long Sleeve Crop Top,44.0,0
Care Label Graphic Oversized T-Shirt,32.0,0
Adapt Camo Seamless Ribbed Leggings,48.0,0
Track Top,70.2,1
"Tactical 6"" Short",62.0,1
Legacy Shorts,36.0,1
Premium Legacy Shorts,50.0,1
2 in 1 High Waisted Skirt Leggings,58.0,0
Ease Woven Joggers,60.0,1
Heavy Duty Apparel T-Shirt,34.0,1
Corset Seamless Crop Tank,40.0,0
Lifting Baddie Midi Long Sleeve Top,23.8,0
Heritage Washed Crew,40.6,1
Block T-Shirt,26.0,1
Barbell Hearts Seamless Baby Tee,36.0,0
Adapt Camo Seamless Long Sleeve Crop Top,32.2,0
Legacy Logo Tight Shorts,32.0,0
Adapt Camo Seamless Sports Bra,27.6,0
GS Power Oversized T-Shirt,36.0,0
Cargo Woven Pants,44.8,0
Sport Crew Sweatshirt,23.0,1
Strap Feature Sports Bra,21.0,0
Minimal Sports Bra,30.0,0
British Iron T-Shirt,50.0,1
Sport Shorts,26.6,1
Sport Seamless Sports Bra,38.0,0
Cargo Woven Pants,44.8,0
Waffle Oversized T-Shirt,46.0,1
Crest Long Sleeve T-Shirt,26.0,1
Arrival T-Shirt,22.0,1
Legacy T-Shirt,19.6,1
Heritage Washed T-Shirt,28.0,1
Rest Day Sweats Hoodie,60.0,0
Everyday Seamless Long Sleeve Crop Top,28.0,0
"Sport 7"" Shorts",38.0,1
Gains Seamless Bralette,32.0,0
Heavy Duty Lifter Stringer,28.0,1
Power Washed Joggers,56.0,0
Premium Lifting T-Shirt,32.2,1
Premium Legacy Pullover,50.0,1
Lifting Essentials Leggings,38.0,0
Cut Out Bandeau,30.0,0
Rugby Shirt,54.0,1
Crest Long Sleeve T-Shirt,26.0,1
Adapt Camo Cross Back Sports Bra,40.0,0
"Lifting Mesh 5"" Shorts",40.0,1
American Muscle Extreme Oversized T-Shirt,40.0,1
Rest Day Essentials Shorts,38.0,1
Crest T-Shirt,17.6,1
Heritage Washed T-Shirt,40.0,1
Legacy Bra,30.0,0
Legacy Shorts,36.0,1
Crest T-Shirt,22.0,1
Raise The Bar Long Sleeve T-Shirt,46.0,1
Raglan T-Shirt,26.0,1
Cut Out Bandeau,30.0,0
Mesh Tank,36.0,1
Lifting Lightweight 1/4 Zip Pullover,30.0,0
"Apex 7"" Hybrid Shorts",41.6,1
everywear Relaxed Long Sleeve Tee,35.2,1
Lightweight Jersey Shorts,22.4,1
Premium Legacy Tank,38.0,0
Interlock Tech Joggers,66.0,1
everywear Relaxed Long Sleeve Tee,35.2,1
Gains Seamless Fitted Crop Top,32.0,0
everywear Ripstop Shorts,55.8,1
Stretch Woven Cargo Shorts,40.0,1
Lift Contour Seamless Shorts,46.0,0
Adapt Camo Seamless Leggings,60.0,0
Ribbed Long Sleeve T-Shirt,26.0,1
Everyday Seamless All in One,40.0,0
Power Washed Crew,58.0,1
"Sport 5"" Shorts",26.6,1
Everyday Seamless Tank,28.0,0
Ribbed Cotton Seamless T-Shirt,23.8,0
Heavyweight Washed Cargo Shorts,50.0,1
Crest Long Sleeve T-Shirt,26.0,1
Essential T-Shirt,26.0,1
Rugby Shirt,54.0,1
Crest Long Sleeve T-Shirt,26.0,1
Power Washed Crew,58.0,1
Sweat Seamless Shorts,46.0,0
Premium Legacy Joggers,68.0,0
Lifting Essentials Cropped Tank,32.0,0
Legacy Short Sleeve Crop Hoodie,26.4,1
Stacked Hoodie,48.0,1
Training Fleece Cropped Sweatshirt,32.0,0
Vital Seamless 2.0 V Neck  Sports Bra,38.0,0
I Love Squats Graphic Oversized Tee,32.0,0
Lifting Essentials Long Sleeve Top,38.0,1
Rest Day Washed T-Shirt,44.0,1
Vital Seamless Light Tank,30.0,0
Elevate Tattoo Graphic Sports Bra,44.0,0
Premium Legacy Washed 2-in-1 Long Sleeve,46.0,0
Lifting 2 In 1 Long Sleeve Crop Top,30.8,0
"Arrival 7"" Shorts",26.0,1
Heavy Duty Apparel Hoodie,50.0,1
Running Leggings,40.6,0
Legacy Drop Arm Hoodie,33.6,1
Built in the UK Hoodie,54.0,1
Contour Leggings,40.0,0
GSLC Weight Graphic Pants,40.0,0
Rest Day Essentials Joggers,50.0,1
Strength Department Graphic Joggers,44.0,0
"Sport 7"" Shorts",42.0,1
React Drop Arm Tank,24.0,1
Heavy Weight Graphic T-Shirt,40.0,1
Performance Polo Shirt,46.0,1
Everyday Seamless Tank,28.0,0
Premium Legacy T-Shirt,40.0,1
Adapt Camo Seamless Lace Up Back Top,27.6,0
Sweat Seamless Leggings,60.0,0
Rest Day Cotton Contour Pullover,48.0,0
Lifting Oversized Printed Woven Pants,56.0,1
Blur Seamless T-Shirt,25.2,0
Retake Seamless T-Shirt,40.0,1
Strength In Numbers Long Sleeve Top,38.0,0
everywear Relaxed Zip Hoodie,80.0,1
Bodybuilding Graphic T-Shirt,34.0,1
GS Power Regular Leggings,44.8,0
Apex Seamless Tank,42.0,1
Sport T-Shirt,28.0,1
Sweat Seamless Sports Bra,46.0,0
Recess Shorts,28.0,1
Cropped Bomber Jacket,47.6,0
Rest Day Essentials Hoodie,56.0,1
"Lifting Club Mesh 5"" Shorts",40.0,1
Blur Seamless Long Sleeve Crop Top,26.6,0
Everyday Seamless Leggings,38.0,1
Grunge Oversized T-Shirt,32.0,0
Adapt Camo Seamless Sports Bra,38.4,0
Crest Oversized Hoodie,46.0,1
Blur Seamless Long Sleeve Crop Top,26.6,0
Rest Day Essentials Cargo Joggers,56.0,1
"Lifting Mesh 5"" Shorts",40.0,1
GS Power Regular Leggings,56.0,0
Diamante Baby Tee,24.0,0
Sets On The Beach Hoodie,40.0,0
Team GS Baby Tee,22.4,0
Everyday Seamless T-Shirt,28.0,0
Everyday Trend Crop Top,30.0,0
Adapt Camo Seamless Leggings,60.0,0
Training Oversized Fleece Hoodie,32.2,0
Crossover Shorts,24.0,0
Bulking Season Brushed Hoodie,50.0,0
Sets N Reps Hoodie,54.0,1
"Interlock Tech 6"" Shorts",46.0,1
Bulking Season Brushed Joggers,44.0,0
Spartan T-Shirt,38.0,1
Everyday Trend Crop Top,30.0,0
Strength Department Oversized T-Shirt,32.0,0
I Love Squats Hoodie,40.0,0
Flannel Shirt,70.0,1
Premium Legacy T-Shirt,36.0,1
"Sport 5"" 2 in 1 Shorts",42.0,1
Legacy Drop Arm Tank,24.0,1
Embroidered Logo Oversized T-Shirt,50.0,0
"Sport 7"" Shorts",30.4,1
Minimal Sports Bra,30.0,1
Rest Day Essential Crew,25.0,1
Vital Seamless 2.0 Shorts,40.0,1
Crest Joggers,38.0,1
Crest Joggers,38.0,1
Legacy Henley,32.4,1
Running 2 In 1 Shorts,14.4,0
Sport Long Sleeve T-Shirt,18.0,1
Crest Tank,20.0,1
Speed Tank,28.8,1
Halterneck Crop Cami Tank,25.2,0
Sweat Seamless Leggings,60.0,0
"Lifting Mesh 7"" Shorts",28.0,1
"Apex 5"" Hybrid Short",46.0,1
Rest Day Cotton Contour Pullover,48.0,0
Adapt x Whitney Shorts,44.0,0
2012 Lifting Tank,28.0,1
Asymmetric Shelf Tank,28.8,0
Adapt Camo Seamless Ribbed Shorts,44.0,0
Lifting Babe Tee,22.4,0
Training Oversized Cotton Long Sleeve Top,30.0,0
Super Natural Cut Off Tank,36.0,1
Lifting Club T-Shirt,18.2,1
Heritage Washed T-Shirt,28.0,1
Rest Day Washed Long Sleeve T-Shirt,44.0,1
Vital Seamless 2.0 Leggings,54.0,1
Grunge Oversized Hoodie,70.0,0
Fitness Graphic T-Shirt,30.0,1
Ribbon Ankle Leggings,43.2,0
Corset Seamless Long Sleeve Top,44.0,0
Heritage Washed Short Sleeve Crew,32.2,1
Built in the UK T-Shirt,38.0,1
Control Baselayer Shorts,34.0,1
Tapered Woven Pants,56.0,0
Legacy Drop Arm Tank,24.0,1
Rib Shorts,28.0,0
"Interlock Tech 6"" Shorts",46.0,1
Care Label Graphic Brushed Hoodie,40.0,0
Rest Day Woven Cargo Pants,63.0,1
2012 Lifting Cut off Tank,28.0,1
Trophy Graphic Crew,60.0,1
Adapt Fleck Seamless Shorts,44.0,0
Adapt Marl Seamless Leggings,18.0,0
Block Oversized Hoodie,46.0,0
Block Crop Top,18.2,0
Apex Perform T-Shirt,40.0,1
"Apex Run 5"" Shorts",52.0,1
Lifting Babe Tee,22.4,0
Fairy Pre Workout Baby Tee,32.0,0
Strappy Back Light Support Sports Bra,26.6,0
Scallop Hem Shaped Shorts,28.0,0
Adapt Monogram Seamless Ruched Crop Top,36.8,0
Collegiate Hoodie,70.0,1
Cotton Bralette,16.8,0
Power Washed Crew,58.0,1
Strength Dept Graphic T-Shirt,38.0,1
Barbell Hearts Seamless Baby Tee,36.0,0
Adapt Fleck Sports Bra,46.0,0
Vital Seamless Shorts,40.0,0
Strength Department Oversized T-Shirt,32.0,0
Apex Contrast Leggings,68.0,0
"Interlock Tech 6"" Shorts",46.0,1
Corset Seamless Shorts,40.0,0
Rest Day Sweat Shorts,46.0,0
Heritage Washed T-Shirt,28.0,1
Critical Stringer,16.8,1
Training Leggings,38.0,0
"Workout Gear Mesh 5"" Shorts",40.0,1
Rest Day Sweats Hoodie,60.0,0
Elevate Longline Sports Bra,17.6,0
Adapt Camo Graphic Oversized Top,40.0,0
Elevate Tracktop,68.0,0
Strappy Back Light Support Sports Bra,26.6,0
Everyday Open Back Long Sleeve Top,34.0,0
Halterneck Crop Cami Tank,25.2,0
Training Shorts,35.0,1
Interlock Tech Joggers,66.0,1
Adapt Safari Seamless Leggings,60.0,0
Everyday Seamless Tight Fit Tee,28.0,0
"Arrival 7"" Shorts",26.0,1
Arrival T-Shirt (Reg Fit),22.0,1
Vital Seamless 2.0 Leggings,54.0,0
Buckle Waisted Shorts,32.0,0
Crest Oversized Zip Up Hoodie,39.2,1
"Sport  7"" Shorts",38.0,1
Geo Seamless T-Shirt,23.8,1
Team GS Baby Tee,22.4,0
Rest Day Sweats 1/4 Zip,60.0,1
Boost Bra,33.6,0
"Workout Gear Mesh 5"" Shorts",40.0,1
Fitness Graphic Shorts,28.0,1
Global Lifting Shorts,44.0,1
Legacy Henley,36.0,1
Legacy Oversized Long Sleeve Top,46.0,0
Legacy Shorts,36.0,1
Vital Seamless T-Shirt,30.0,1
Essential Oversized T-Shirt,26.0,1
Lifting Longline T-Shirt Dress,34.8,0
Fleece Joggers,56.0,0
Cut Out Bandeau,30.0,0
Flex Long Sleeve Crop Top,28.0,0
Ease Woven Jogger,60.0,1
Heritage Washed T-Shirt,40.0,1
Sweat Seamless Sports Bra,46.0,0
Rest Day Woven Shorts,40.0,1
Barbell Hearts Oversized Sweatshirt,50.0,0
"Land to Water 6"" Shorts",48.0,1
Blur Seamless T-Shirt,25.2,0
Premium Legacy T-Shirt,36.0,1
Heavyweight Cotton Crop T-Shirt,38.0,0
Lifting Essentials Oversized Sweatshirt,50.0,0
Boost Bra,33.6,0
Legacy Hoodie,48.0,1
Strength Department Oversized Hoodie,40.0,1
Everyday High Neck Long Sleeve Top,34.0,0
everywear Relaxed T-Shirt,40.0,1
Phys Ed Logo Hoodie,48.0,0
Legacy Drop Arm Tank,24.0,1
"Apex Run 4"" Shorts",27.6,1
Apex Seamless Tank,42.0,1
everywear Tech Long Sleeve Tee,40.0,1
Pocket Shorts,40.0,0
Vital Seamless 2.0 Long Sleeve Crop Top,38.0,0
Fleece Cargo Pants,50.0,0
Strength Department Animal Hoodie,66.0,0
Phys Ed Graphic Hoodie,48.0,0
Crest Crew,36.0,1
Training Cotton Tank,20.0,0
Ease Woven Joggers,60.0,1
Wordmark Crew 3pk,16.0,0
Training Oversized T-Shirt,30.0,0
Blur Seamless Shorts,28.0,0
Vital Seamless 2.0 Shorts,40.0,0
Heritage Washed Hoodie,44.8,1
"Sport  5"" Shorts",38.0,1
Premium Legacy 1/4 Zip,74.0,1
Flex Sports Long Sleeve Crop Top,28.0,1
Running Dept. T Shirt,36.0,1
Legacy Short Sleeve Crop Hoodie,24.0,1
"Hybrid 6"" Shorts",42.0,1
Ruche Skirt,32.2,0
Premium Lifting Boxy Cut Off Tank,32.4,1
"Arrival 5"" Shorts",18.2,1
Legacy Drop Arm Tank,24.0,1
Premium Legacy Pullover,50.0,1
Crest Sweatshirt,21.6,1
Everyday Seamless Mock Long Sleeve T-Shirt,26.0,1
Rest Day Woven Shorts,45.0,1
Arrival Tank,20.0,1
Minimal Sports Bra,30.0,0
British Lifting Goods Graphic T-Shirt,38.0,1
"Printed Lifting Mesh 5"" Shorts",36.8,1
Crew Socks 5pk,26.0,1
Pocket Shorts,40.0,0
Adapt Fleck Seamless Long Sleeve Crop Top,46.0,0
Blur Seamless Cami,26.6,0
Everyday Long Sleeve Midi Top,30.0,0
Ribbed Cotton Seamless Body Fit Tank,27.2,0
Legacy Rag Top,25.2,1
Collegiate Shadow Washed T-Shirt,44.0,1
Cut Out Bandeau,30.0,0
Lifting Baddie Graphic Sweatshirt,35.0,0
Critical T-Shirt,32.0,1
Sherpa Puffer Jacket,94.0,0
Property Of Hoodie,42.0,1
Power Joggers,48.0,1
Arrival Marl T-Shirt,22.0,1
"Sport 5"" Shorts",26.6,1
Grunge Oversized Hoodie,70.0,0
Fleece Oversized Sweatshirt,60.0,0
British Iron Heavyweight Hoodie,70.0,0
GS Power Regular Leggings,56.0,1
Apex Multi Shorts,25.0,1
Blur Seamless Cami,26.6,0
"Arrival 7"" Shorts",23.4,1
Collegiate T-Shirt,44.0,1
Legacy Drop Arm Tank,24.0,1
Crest Oversized Hoodie,46.0,1
Lightweight Jersey Shorts,25.6,1
Dumbells & Deadlifts Baby Tee,24.0,0
Cargo Woven Pants,44.8,0
Lifting Club Apparel Graphic Shorts,40.0,1
Heavyweight Washed Cargo Joggers,80.0,1
Performance Polo Shirt,46.0,1
Ribbed Cotton Seamless Body Fit Tank,23.8,0
Dumbells & Deadlifts Baby Tee,24.0,0
Power T-Shirt,36.0,1
Crest Oversized Zip Up Hoodie,43.2,1
"Heritage 5"" Shorts",32.2,1
Corset Seamless Sports Bra,40.0,0
Lifting Essentials Oversized Sweatshirt,50.0,0
Vital Seamless  2.0 Crop Top,26.6,0
Contour Leggings,40.0,0
Graphic Crew Socks 7PK,35.2,1
Team GS Baby Tee,22.4,0
Adapt Camo Graphic Oversized Top,40.0,0
Towelling T-Shirt,36.0,1
Essential Oversized Joggers,44.0,1
Lifting Pocket Leggings,54.0,1
Everyday Regular Flared Leggings,38.0,0
"Heavy Duty Apparel 7"" Shorts",30.0,1
"Arrival 7"" Shorts",26.0,1
Rest Day Essentials T-Shirt,32.0,1
Vital Seamless 2.0 Crop Top,38.0,0
Heavyweight Cotton T-Shirt,25.2,0
Arrival Long Sleeve T-Shirt,26.0,1
Rest Day Woven Shorts,40.0,1
Premium Legacy 1/4 Zip,74.0,1
"Sport Printed Run 3"" Shorts",29.4,1
Training Fleece Joggers,42.0,1
Studio Joggers,24.0,1
Trophy Graphic Stringer,28.0,1
everywear Relaxed Sweatpants,70.0,1
Waffle Straight Leg Joggers,60.0,1
Adapt Fleck Seamless Halterneck Bralette- Slate Teal/Cargo Teal,32.2,0
Arrival T-Shirt,22.0,1
Everyday Seamless Shorts,28.0,0
Oversized Hooded Jacket,94.0,1
Vital Seamless 2.0 Light Tank,30.0,0
Legacy Cropped Short Sleeve Crew,44.0,1
"Apex 7"" Hybrid Shorts",52.0,1
"Arrival 7"" Shorts",26.0,1
Strength In Numbers Long Sleeve Top,38.0,0
Everyday C&S Trend Crop Top,30.0,0
Adapt Camo Seamless Ribbed Shorts,44.0,1
Dumbells & Deadlifts Oversized T-Shirt,24.0,1
Elevate Cycling Shorts,19.2,0
"Lifting Club Mesh 5"" Shorts",40.0,1
Legacy Oversized Long Sleeve Top,46.0,0
Adapt Fleck Seamless Crop Top,46.0,0
Lifting Baby T-Shirt,21.0,0
Cord Flared Trousers,64.0,0
Everyday Front V Waistband,28.0,0
Power Washed Joggers,56.0,0
everywear Track Jacket,94.0,1
Collegiate T-Shirt,44.0,1
Everyday Seamless Crop Top,24.0,0
Vital Seamless Shorts,40.0,0
Arrival Slim Marl Tank,12.0,1
Lifting Essentials Oversized Joggers,44.0,1
Ribbed Tank 3 Pack,36.0,1
Everyday Seamless Tank,28.0,0
Pump Cover T-Shirt,28.8,1
Sport Seamless Long Sleeve T-Shirt,20.0,1
Blur Seamless Flared Leggings,37.8,0
Whitney Eyelash Knit Bandeau,17.6,0
Cotton Cargo Pants,50.0,0
Rest Day Sweats Oversized Crew,60.0,0
Contour Shorts,30.4,0
Power Washed Joggers,56.0,0
everywear Relaxed Sweatpants,70.0,1
React Stringer,24.0,1
Vital Seamless 2.0 Light Tank,30.0,0
Lifting Pocket Leggings,54.0,0
Studio Joggers,48.0,1
Legacy Shorts,36.0,1
Training Fleece Joggers,42.0,0
Ribbon Ankle Leggings,43.2,0
Blur Seamless T-Shirt,25.2,0
Mesh Sports Bra,10.4,0
Training Fleece Cropped Sweatshirt,32.0,0
Heavyweight Cotton T-Shirt,36.0,0
Vital Seamless 2.0 Shorts,40.0,0
Marl Flared Leggings,37.8,0
"Hybrid 6"" Shorts",42.0,1
Check Shirt,64.0,1
Adapt Camo Seamless Leggings,60.0,0
Woven Pocket Shorts,26.6,0
Ribbed Long Sleeve T-Shirt,26.0,1
Adapt Camo Graphic Oversized Top,40.0,0
Arrival Long Sleeve T-Shirt,26.0,1
Boxer Brief 5PK,56.0,1
Apex T-Shirt,40.0,1
Arrival T-Shirt,22.0,1
"Apex 5"" Hybrid Short",41.4,1
Everyday Regular Flared Leggings,38.0,0
Essential Oversized Joggers,44.0,1
Legacy Joggers,48.0,0
GS Power Leggings,56.0,0
Grunge Oversized Joggers,68.0,0
GS Power Tight Shorts,36.8,0
Flex Shorts,36.0,0
Training Fleece Zip Hoodie,32.2,0
Everyday Seamless All in One,40.0,0
Elevate Fleece Midi Jacket,84.0,0
Everyday Seamless Long Sleeve Top,28.0,0
Training 7/8 Leggings,15.2,0
Premium Legacy Hoodie,80.0,1
Property Of Stringer,30.0,1
everywear Relaxed Zip Hoodie,64.0,1
Phys Ed Graphic Sweatpants,44.8,0
Phys Ed Graphics Relaxed Sweatshirt,43.2,0
Iron Plate T-Shirt,50.0,1
Lifting Essentials Long Sleeve Top,38.0,0
Barbell Hearts Oversized Jogger,48.0,0
Training Sweat Shorts,11.2,0
Essential Oversized Joggers,39.6,1
Training Dept. T-Shirt,42.0,0
Lifting Man T-Shirt,42.0,1
React Stringer,24.0,1
Arrival T-Shirt,22.0,1
"Racerback High Support Sports Bra, B/C-E/F",32.4,0
Training Hoodie,48.0,1
Rest Day Essentials Hoodie,56.0,1
Vital Seamless 2.0 Crop Top,38.0,0
Arrival Woven Joggers,40.0,1
Training Oversized Fleece Sweatshirt,32.2,0
Element Baselayer Long Sleeve T-Shirt,28.0,1
Rest Day Washed Long Sleeve T-Shirt,44.0,1
Sport T-Shirt,28.0,1
"5"" Swim Short",24.0,1
Arrival Sleeveless T-Shirt,26.0,1
everywear Relaxed Hoodie,60.8,0
Everyday Seamless Leggings,26.6,0
Ribbed Tank 3pk,36.0,1
Legacy Stringer,21.6,1
Crest T-Shirt,22.0,1
Legacy Sports Bra,26.6,0
"Rest Day 6"" Cargo Shorts",56.0,1
Ruched Sports Bra,30.0,0
Premium Lifting Drop Arm Tank,30.0,1
Premium Legacy T-Shirt,36.0,1
Lifting Long Sleeve Crop Top,26.6,0
Cotton Oversized Long Sleeve Top,40.0,0
Corset Seamless Long Sleeve Top,44.0,0
Tattoo Midi Tank,25.6,0
Raw Cut Legging,37.8,0
Phys Ed Logo Sweatshirt,43.2,0
"Arrival 5"" Shorts",26.0,1
Track Top,70.2,1
Premium Legacy Shorts,45.0,1
"Heavy Duty Apparel 7"" Shorts",30.0,1
Essential Jogger,50.0,1
Strength In Numbers Hoodie,50.0,0
Geo Seamless Long Sleeve T-Shirt,40.0,1
Geo Seamless T-Shirt,36.0,1
Elevate Cycling Shorts,19.2,0
Peek A Boo Sports Bra,30.0,0
Corset Seamless Sports Bra,40.0,0
"Lifting Mesh 7"" Shorts",40.0,1
Ruched Strappy Sports Bra,30.0,0
Everyday Seamless Long Sleeve Crop Top,28.0,0
Premium Lifting T-Shirt,46.0,1
"Crest 7"" Shorts",19.2,1
Adapt Safari Long Sleeve Crop Top,46.0,0
Power T-Shirt,36.0,1
Training Oversized Fleece Sweatshirt,46.0,0
Legacy Long Sleeve T-Shirt,34.0,1
Power T-Shirt,36.0,1
Halterneck Crop Cami Tank,25.2,0
Apex Long Sleeve T-Shirt,52.0,1
Rest Day Washed T-Shirt,44.0,1
Sport Seamless Cropped Tank,38.0,0
"Legacy 4"" Shorts",40.0,1
Ribbed Leggings,38.0,0
Sports Tech Boxer 3PK,40.0,1
Minimal Sports Bra,30.0,0
Waffle Shorts,50.0,1
Legacy Oversized T-Shirt,36.0,0
Adapt Fleck Seamless Crop Top,32.2,0
Heritage Washed Short Sleeve Crew,50.0,1
Adapt Fleck Seamless Halterneck Bralette- Vintage Pink/Classic Pink,32.2,0
Lifting Club T-Shirt,50.0,1
Vital Seamless 2.0 Shorts,40.0,0
Block Oversized T-Shirt,30.0,0
Adapt x Whitney Leggings,60.0,0
Premium Lifting Drop Arm Tank,27.0,1
Boxer Brief 3PK,30.6,1
Training Leggings,38.0,0
Sport Seamless Cropped Tank,38.0,0
Ribbon Ankle Legging,54.0,0
Mesh Waistband Leggings,50.0,0
Medium Everyday Gym Bag,54.0,1
Legacy Regular Leggings,43.2,0
Elevate Sports Bra,44.0,0
Heavyweight T-Shirt,44.0,1
Crest Oversized Zip Up Hoodie,48.0,1
Lifting Club Hoodie,39.6,1
Geo Seamless T-Shirt,36.0,1
"Printed Mesh 5"" Shorts",44.0,1
Buckle Waisted Shorts,32.0,0
Sport Long Sleeve T-Shirt,25.2,1
Trophy Graphic T-Shirt,38.0,1
Legacy Rag Top,27.6,1
Lifting Dept Graffiti T-Shirt,38.0,1
Power Washed Crew,58.0,1
Cotton Oversized Long Sleeve Top,40.0,0
Sport Dress,40.8,0
Heavy Duty Lifter T-Shirt,36.0,1
Lifting Apparel Stringer,28.0,1
Retake Crew,42.0,1
Ribbed Sports Bra,23.8,0
Apex Seamless Tank,48.0,1
React Drop Arm Tank,24.0,1
Cropped Midi Gilet,80.0,0
everywear Sweat Shorts,46.8,1
Legacy Oversized T-Shirt,36.0,0
Fleece Shorts,54.0,0
"Lifting Club Mesh 5"" Shorts",28.0,1
Vital Seamless Crop Top,38.0,0
Sweat Seamless Midi Tank,24.0,0
Active Gym Bag Mini,26.0,1
Ease Woven Joggers,60.0,1
Scallop Hem Shaped Shorts,22.4,0
"Sport 5"" Shorts",22.8,1
Everyday Seamless T-Shirt,28.0,0
"Heritage Washed 5"" Shorts",32.2,1
Adapt Fleck Sports Bra,46.0,0
Ribbed Shorts,21.0,0
"Lifting Mesh 7"" Shorts",40.0,1
Running 2 In 1 Shorts,28.8,0
Gains Seamless Ripped Leggings,46.4,0
Adapt Fleck Seamless Long Sleeve Crop Top,32.2,0
"Towelling 7"" Shorts",40.5,1
Everyday Seamless Leggings,38.0,0
Ruche 3/4 Sleeve Crop Top,32.0,0
Crest V-Neck T Shirt,22.0,1
Training Leggings,38.0,1
Premium Lifting Boxy Cut Off Tank,32.4,1
Built in the UK Hoodie,60.0,1
Lift Contour Seamless Leggings,60.0,0
Elevate Tracktop,68.0,0
Lifting Graphic Baby T-Shirt,25.2,0
Training Oversized Fleece Hoodie,46.0,0
Vital Seamless Leggings,54.0,1
Rest Day Woven Shorts,45.0,1
2012 Lifting Oversized T-Shirt,30.0,1
Heavyweight Washed Hoodie,56.0,1
Adapt Safari Seamless Faded Long Sleeve Top,36.8,0
Flex Long Sleeve Crop Top,40.0,0
Vital Seamless 2.0 Midi Tank,34.0,0
Block Hoodie,40.0,1
Element Baselayer Leggings,32.0,1
Everyday Foldover Leggings,38.0,0
Masters of Our Craft Hoodie,54.0,1
Adapt Animal Seamless Cycling Shorts,26.4,0
Lifting Essentials Oversized Joggers,44.0,0
everywear Basketball Shorts,40.0,1
everywear Basketball Shorts,40.0,1
Phys Ed Graphic T-Shirt,27.2,0
Lifting Club Hoodie,39.6,1
Bulking Season Brushed Hoodie,50.0,0
Legacy Printed Sports Bra,27.2,0
React Drop Arm Tank,24.0,1
315 Seamless Shorts,28.8,1
Everyday Seamless Zip Tracktop,48.0,0
"Printed Mesh 5"" Shorts",44.0,1
Adapt Camo Seamless Ribbed Long Sleeve Crop Top,32.2,0
Everyday Seamless Crop Top,16.8,0
Corset Seamless Sports Bra,40.0,0
Block Crop Tank,20.0,0
Rest Day Cargo Pants,66.0,1
Heavyweight Washed Cargo Joggers,80.0,1
Rest Day Sweats Oversized Crew,60.0,0
Scallop Hem Shaped Shorts,28.0,0
Everyday Seamless Shorts,28.0,1
"Sport 7"" Shorts",26.6,1
Legacy Henley,32.4,1
Lifting Essential Cotton Crop Tank,20.0,0
Geo Seamless Long Sleeve T-Shirt,40.0,1
Conditioning Graphic T-Shirt,38.0,1
Fleece Shorts,54.0,0
Lifting Essentials Long Sleeve Top,38.0,0
Strength Department Oversized Hoodie,40.0,0
Elevate Tattoo Graphic Shelf Tank,38.0,0
Legacy Rag Top,42.0,1
Crest Oversized Zip Up Hoodie,48.0,1
Washed Double Layer T-Shirt,40.0,1
Legacy T-Shirt,19.6,1
Element Baselayer Long Sleeve T-Shirt,28.0,1
Strength Department Graphic Shorts,26.6,0
Superset Tank,28.0,0
Power Washed Crew,58.0,1
Seamless Polo Shirt,42.0,1
Strength and Conditioning Long Sleeve T-Shirt,46.0,1
Blur Seamless Cami,26.6,0
"Sport  7"" Shorts",38.0,1
Heritage Washed Stringer,30.0,1
Cross Back Sports Bra,48.0,0
"Sport 5"" Shorts",26.6,1
"Sport 7"" Shorts",26.6,1
"Running Dept. 5"" Shorts",28.0,1
Vital Seamless All In One,58.0,0
Property Of Cut Off Tank,40.0,1
Rest Day Essentials Hoodie,56.0,1
Block Crop Top,26.0,0
Cotton Oversized Long Sleeve Top,40.0,0
Rib T-Shirt,30.0,0
Lifting Oversized Printed Woven Pants,56.0,1
Strappy All In One,64.0,0
Seamless Polo Shirt,48.0,1
Vital Seamless V Neck Sports Bra,38.0,0
Property Of T-Shirt,38.0,1
"Land to Water 6"" Shorts",60.0,1
Rest Day Sweats Joggers,56.0,1
"Sport 5"" Shorts",26.6,1
2012 Lifting T-Shirt,26.0,1
Collegiate T-Shirt,44.0,1
Everyday Seamless Sports Bra,26.0,0
Arrival Shorts,13.0,1
Arrival Tank,20.0,1
Flannel Shirt,70.0,1
Lifting Club Hoodie,80.0,1
Adapt Fleck Seamless Shorts,44.0,0
Crest Sweatshirt,21.6,1
Arrival Marl T-Shirt,22.0,1
Arrival Marl T-Shirt,22.0,1
Rest Day Sweats Crew,60.0,0
React Joggers,27.6,1
Crew Running Socks,18.0,1
Elevate Short Leggings,68.0,0
Rest Day Sweats 1/2 Zip Pullover,56.0,0
Sport Seamless Sports Bra,38.0,0
Multi Way Strap Bandeau Bra,30.0,0
Dumbbells Long Sleeve T-Shirt,44.0,1
Sport Seamless T-Shirt,26.6,1
Sport Joggers,26.0,1
Bold Stringer,12.0,1
everywear Tech Long Sleeve Tee,40.0,1
Running Glove,22.0,0
Sweat Seamless Shorts,46.0,0
Lifting Pocket Leggings,54.0,0
Training Fleece Cropped Hoodie,40.0,0
Peek A Boo Sports Bra,30.0,0
Strength Dept Graphic T-Shirt,38.0,1
Lightweight Jersey Shorts,22.4,1
Vital Seamless Leggings,54.0,1
Strong Girl Lifting Club Graphic T-Shirt,27.2,0
Fleece Zip Hoodie,60.0,0
Tattoo Midi Tank,25.6,0
"Land to Water 6"" Shorts",48.0,1
Crest T-Shirt,22.0,1
Everyday Woven Pant,38.0,0
Apex Contrast Sports Bra,50.0,0
Heavy Duty Lifter T-Shirt,36.0,1
Cargo Pocket Shorts,28.0,0
Legacy Tall Leggings,54.0,0
Everyday Front V Waistband,28.0,0
Heavy Weight Graphic T-Shirt,40.0,1
Adapt x Whitney Leggings,60.0,0
Rest Day Buttery Soft Midi Top,38.0,0
Legacy Short Sleeve Crop Hoodie,34.2,1
Element Tank,18.0,1
Premium Legacy Shorts,50.0,1
Geo Seamless T-Shirt,20.4,1
Adapt Safari Seamless Shorts,44.0,0
Crest Joggers,38.0,1
Vital Seamless 2.0 Shorts,40.0,1
React Stringer,24.0,1
Heavyweight Washed Hoodie,80.0,1
Legacy Logo Tight Shorts,40.0,0
"Heritage 5"" Shorts",46.0,1
Tactical Pant,86.0,1
Double Waistband Shorts,32.0,0
Arrival Tank,20.0,1
Everyday Seamless Sports Bra,26.0,0
Grade Hoodie,64.0,1
Ribbed Long Sleeve T-Shirt,23.4,1
Global Graphic Long Sleeve T-Shirt,32.0,1
Longline Sports Bra,26.6,0
Premium Legacy Shorts,45.0,1
Strap Feature Sports Bra,30.0,0
Sweat Seamless Long Sleeve Crop Top,30.0,0
Ribbed Legging,38.0,0
Contour Shorts,32.0,0
everywear Sweat Shorts,46.8,1
Contour Shorts,30.4,0
Crest Tank,20.0,1
Elite Seamless T-Shirt,50.0,1
Corset Seamless Sports Bra,40.0,0
Mesh Long Sleeve Varsity Top,46.0,0
Track Top,70.2,1
Everyday Sports Bra,30.0,0
Flex High Waisted Leggings,50.0,0
Collegiate T-Shirt,44.0,1
Grunge Oversized Joggers,68.0,0
Sport Seamless Midi Top,38.0,0
Glute Boost Seamless Shorts,38.4,0
David Bootleg Graphic T-Shirt,54.0,1
"Printed Mesh 5"" Shorts",44.0,1
Arrival Long Sleeve T-Shirt,26.0,1
Oversized Performance T-Shirt,26.0,1
Training Fleece Zip Hoodie,36.8,0
Element Baselayer Shorts,13.0,1
Cotton Seamless Long Sleeve Midi Top,27.2,0
Sport Seamless Leggings,50.0,0
Lifting Essentials Leggings,38.0,0
Pintuck Shorts,22.4,0
Care Label Graphic Brushed Shorts,32.0,0
Crest Straight Leg Joggers,44.0,1
Rest Day Rib Top,34.0,0
Flex Long Sleeve Crop Top,40.0,0
Power T-Shirt,36.0,1
Sport Seamless T-Shirt,26.6,1
Gains Seamless Fitted Crop Top,28.0,0
Sport Seamless T-Shirt,26.6,1
Adapt Fleck Seamless Leggings,60.0,1
Block Crop Tank,20.0,0
Legacy Joggers,48.0,0
Everyday Seamless Mock Long Sleeve T-Shirt,26.0,1
Lifting Club Hoodie,80.0,1
Crossover Leggings,50.0,0
Waffle Oversized T-Shirt,46.0,1
Essential Oversized T-Shirt,26.0,1
Training Fleece Cropped Hoodie,32.0,0
Everyday Seamless Leggings,38.0,0
Training Crop Tank,20.0,0
"Arrival 5"" Shorts",20.8,1
Collegiate Graphic Shorts,28.0,1
Bulking Season Brushed Joggers,44.0,0
Legacy Logo Tight Shorts,28.0,0
Worldwide T-Shirt,42.0,1
Oversized Performance Tank,26.0,1
Sweat Seamless Skort,39.2,0
Legacy Sports Bra,30.4,0
Impact Stringer,24.0,1
Vital Seamless 2.0 Light T-Shirt,36.0,0
Strength Department Brushed Sweatshirt,40.0,1
Lifting Club T-Shirt,50.0,1
Seamless Polo Shirt,48.0,1
Lifting 2 In 1 Crop Tank,21.0,0
Rest Day Essentials Crew,50.0,1
Arrival Woven Joggers,40.0,1
Legacy T-Shirt,28.0,1
Vital Seamless Leggings,54.0,0
Training Oversized Fleece Hoodie,46.0,0
"Crest 7"" Shorts",24.0,1
Trophy Graphic Stringer,28.0,1
"Training Contrast Loose Shorts 2.5""",28.0,0
Elevated Power T-Shirt,38.0,0
Premium Lifting T-Shirt,46.0,1
Rest Day Woven Shorts,45.0,1
Adapt Camo Seamless Shorts- Magenta Purple/ Soft Purple,44.0,0
Adapt Safari Seamless Bralette,42.0,0
Lifting Essential Cotton Crop Tank,20.0,0
Power T-Shirt,36.0,1
Apollo Oversized T-Shirt,26.0,1
Everyday Seamless Sports Bra,26.0,0
Legacy Regular Leggings,54.0,0
Raise the Bar Hoodie,64.0,1
Adapt Fleck Seamless Leggings,60.0,0
Whitney Eyelash Knit Midi Halter Top,23.0,0
Strength Dept Graphic T-Shirt,38.0,1
Lifting Baddie T-Shirt,29.4,0
Waffle T-Shirt,38.0,1
Ruche 3/4 Sleeve Crop Top,32.0,0
Cotton Cargo Pants,50.0,0
Oversized Performance Tank,26.0,1
Superset Sports Bra,38.0,0
Training Long Sleeve Top,26.0,0
Element Baselayer Shorts,26.0,1
"Tactical 6"" Short",62.0,1
Fraction Oversized T-Shirt,30.0,0
Long Sleeve Waffle Polo Shirt,54.0,1
Vital Seamless Crop Top,38.0,0
Lifting Club T-Shirt,50.0,1
Everyday Seamless Crop Tank,24.0,0
Crossover Sports Bra,25.2,0
Heavyweight Loopback Sweat Pullover,49.0,0
Double Waistband Shorts,32.0,0
Halterneck Crop Cami Tank,25.2,0
Premium Legacy Shorts,50.0,1
Rest Day Sweats 1/2 Zip Pullover,44.8,0
Crest T-Shirt,22.0,1
Elevate Sports Bra,44.0,0
Vital Seamless Midi Zip Pullover,56.0,0
Rest Day Essentials Hoodie,56.0,1
Adapt Camo Tank,27.6,0
"Sport 5"" Short",29.4,1
Heritage Washed T-Shirt,40.0,1
Rest Day Essentials Cargo Joggers,56.0,1
Crew Socks 3pk,16.0,1
"Sport 7"" Shorts",38.0,1
Heavyweight Washed T-Shirt,44.0,1
"Sport  7"" Shorts",26.6,1
Impact T-Shirt,28.0,1
Element Tank,18.0,1
Retrowave Stringer,26.0,1
Phys Ed Logo Sweatpants,44.8,0
Heavyweight Washed T-Shirt,44.0,1
Sweat Seamless Leggings,42.0,0
Rest Day Cargo Pants,66.0,1
Power T-Shirt,36.0,1
Longline Crossback Sports Bra,44.0,0
Woven Vest,61.2,1
Blur Seamless Bralette,26.6,0
Flex High Waisted Leggings,50.0,0
Collegiate T-Shirt,44.0,1
Premium Legacy T-Shirt,40.0,1
Vital Seamless V Neck Sports Bra,38.0,0
Sport Joggers,36.4,1
"Apex 5"" Hybrid Short",46.0,1
Seamless V Neck Bralette,20.0,0
Graphic Baselayer T-Shirt,32.0,1
React Stringer,24.0,1
Movin' Metal Graphic Tank,28.0,1
"Brandmark Mesh 5"" Shorts",41.4,1
Monogram Towel Crop Top,39.2,0
Elevate Leggings,44.8,0
Adapt Safari Seamless Bralette,42.0,0
Monogram T-Shirt,34.0,1
Everyday Seamless Leggings,38.0,1
Arrival Marl T-Shirt,22.0,1
"Crest Cargo 7"" Shorts",21.0,1
Strong Girl Lifting Club Graphic Shorts,25.6,0
Sport Joggers,31.2,1
Everyday Shelf Cami Tank,28.0,0
Cargo Pocket Shorts,28.0,0
Vital Seamless 2.0 Shorts,40.0,0
Impact Shorts,32.0,1
Adapt Camo Graphic Hoodie,38.4,0
Corset Seamless Long Sleeve Top,44.0,0
"Lifting Mesh 5"" Shorts",40.0,1
Rest Day Sweats Hoodie,60.0,1
Mesh Tank,36.0,1
Legacy Velcro Lifting Belt,48.0,0
Lightweight Jersey Shorts,22.4,1
Apex Contrast Leggings,68.0,0
Fraction Oversized T-Shirt,30.0,0
Flannel Pants,56.0,1
"Legacy 4"" Shorts",28.0,1
Sherpa 1/4 Zip,80.0,0
Rest Day Buttery Soft Midi Top,38.0,0
Crest Tank,20.0,1
Strap Feature Sports Bra,30.0,0
Cotton Lifting Sports Bra,28.0,0
Lift Contour Seamless Sports Bra,46.0,0
Love Hearts Crop Top,16.0,0
Cord Flared Trousers,64.0,0
Vital Seamless 2.0 Leggings,54.0,0
Adapt Fleck Sports Bra,46.0,0
Speed T-Shirt,36.0,1
Elevate Ruched Tank,30.4,0
Raw Cut Legging,54.0,0
Training Fleece Cropped Hoodie,32.0,0
GS Power Regular Leggings,44.8,0
Training Dept. T-Shirt,42.0,1
British Lifting Goods Graphic T-Shirt,38.0,1
Essential Oversized T-Shirt,26.0,1
Property Of Cut Off Tank,40.0,1
"Arrival 5"" Shorts",26.0,1
"Lifting Mesh 7"" Shorts",40.0,1
"Apex 5"" Hybrid Short",46.0,1
Impact Drop Arm Tank,24.0,1
Training Cotton Tank,20.0,0
Pump Cover Hoodie,48.0,1
Lifting Baddie Graphic Joggers,35.2,0
Collegiate Shadow Washed Midi Sweatshirt,42.0,0
"3"" Swim Shorts",19.2,1
"Arrival 7"" Shorts",23.4,1
Heavy Duty Lifter Stringer,28.0,1
Back Gains Sports Bra,30.0,0
Lifting Pump Pants,64.0,0
British Iron Heavyweight T-Shirt,50.0,0
Fleece Joggers,56.0,0
"Sport 5"" 2in1 Shorts",32.2,1
Ath Dept Oversized T-Shirt,33.6,0
Graphic Cut Off T-Shirt,40.0,1
"Heavy Duty Apparel 7"" Shorts",27.0,1
Everyday Seamless Long Sleeve Crop Top,28.0,0
Legacy Sports Bra,30.4,0
Tricot Joggers,80.0,0
Blur Seamless Bralette,26.6,0
Training Oversized Fleece Sweatshirt,46.0,0
GS Power Shorts,36.8,0
Collegiate Shadow Washed T-Shirt,44.0,1
Geo Seamless Long Sleeve T-Shirt,40.0,1
Strength Department Oversized Hoodie,40.0,1
"Land to Water 6"" Shorts",60.0,1
Rest Day Sweats 1/4 Zip,60.0,1
Global Lifting Shorts,44.0,1
Ath Dept Shorts,32.2,0
Fleece Cargo Pants,50.0,0
"Sport 5"" 2 in 1 Shorts",42.0,1
Lightweight Jersey Shorts,22.4,1
Barbell Hearts Oversized T-Shirt,32.0,0
Adapt Monogram Seamless Ruched Crop Top,36.8,0
Ribbed Cotton Seamless One Shoulder  Bra,24.0,0
Training Shorts,35.0,1
Superset Sports Bra,38.0,0
Ruched Sports Bra,30.0,0
Heavyweight Washed Cargo Shorts,35.0,1
Adapt Camo Long Sleeve Crop Top,44.0,0
Longline Crossback Sports Bra,30.8,0
Peek A Boo Sports Bra,30.0,0
Block Oversized Hoodie,36.8,0
Pocket Shorts,40.0,0
Heavyweight Cotton Crop T-Shirt,38.0,0
I Love Squats Graphic Oversized Tee,32.0,0
Premium Lifting Boxy Cut Off Tank,32.4,1
Everyday Seamless Shorts,28.0,0
Fleece Oversized Sweatshirt,60.0,0
Element Baselayer Shorts,13.0,1
Essential Oversized T-Shirt,26.0,1
Collegiate Shadow Washed T-Shirt,44.0,1
Pique Joggers,50.4,1
Crest Cotton Tank,20.0,1
Legacy Henley,36.0,1
Mesh Sports Bra,20.8,0
Corset Seamless Leggings,50.0,0
Everyday Regular Flared Leggings,38.0,0
Crest Hoodie,28.0,1
Apex Contrast Sports Bra,50.0,0
Strength In Numbers Hoodie,50.0,0
Everyday Seamless Leggings,38.0,1
Fleece Joggers,56.0,0
Heavyweight Cotton Long Sleeve Top,42.0,0
Double Waistband Shorts,32.0,0
Grunge Oversized T-Shirt,32.0,1
Apex Contrast Sports Bra,50.0,0
Adapt Safari Long Sleeve Crop Top,46.0,0
Apex Seamless T-Shirt,46.0,1
Marl Racer Shelf Crop Tank,30.4,0
"Crest Cargo 7"" Shorts",30.0,1
Rest Day Sweats Oversized Crew,60.0,0
Mesh Tank,36.0,1
Legacy Henley,36.0,1
Collegiate Shadow Washed Midi Sweatshirt,60.0,0
Adapt Fleck Seamless Sports Bra,32.2,0
Elite Seamless T-Shirt,50.0,1
Sweat Seamless Shorts,36.8,0
Power Oversized Zip Hoodie,50.0,0
"Crest Cargo 7"" Shorts",30.0,1
Tattoo Joggers,35.2,0
Vital Seamless Crop Top,38.0,0
Geo Seamless T-Shirt,25.2,1
British Iron T-Shirt,50.0,1
Rest Day Woven Shorts,45.0,1
Back Gains Sports Bra,30.0,0
Elevate Leggings 2.0,64.0,0
Adapt Camo Seamless Ribbed Sports Bra,32.2,0
Premium Legacy Hoodie,80.0,1
everywear Hooded Fleece,81.0,1
Ribbed Tank 1PK,16.0,1
Legacy Hoodie,48.0,1
Lifting Essential Cotton Crop Tank,20.0,0
Pique Track Jacket,54.0,1
Minimal Sports Bra,30.0,1
Vital Seamless Leggings,54.0,0
Sport Run Pants,42.0,1
Sport Seamless Leggings,50.0,0
Sport Seamless T-Shirt,26.6,1
"Apex Run 4"" Shorts",27.6,1
Apex Contrast T-Shirt,44.0,0
Adapt Fleck Seamless Halterneck Bralette,32.2,0
Embroidered Logo Oversized T-Shirt,50.0,0
Collegiate Shadow Washed Crop Top,32.0,0
Geo Seamless T-Shirt,20.4,1
Blur Seamless Bralette,26.6,0
Vital Seamless T-Shirt,30.0,1
Corset Seamless Leggings,50.0,0
Premium Lifting T-Shirt,46.0,1
Everyday Seamless Crop Top,24.0,0
Fleece Joggers,44.8,0
"Crest 7"" Shorts",24.0,1
Vital Seamless 2.0 Leggings,37.8,0
Strength Department Graphic Short,26.6,0
Premium Legacy Sweatshirt,64.0,0
Training Oversized T-Shirt,30.0,0
"Sport 5"" 2 in 1 Shorts",42.0,1
Long Line Long Sleeve Top,46.0,0
Impact Drop Arm Tank,24.0,1
British Iron Heavyweight T-Shirt,50.0,0
Rest Day Washed Long Sleeve T-Shirt,44.0,1
Conditioning Goods T-Shirt,25.6,1
Power Oversized Long Sleeve Top,40.0,0
everywear Basketball Shorts,40.0,1
Vital Seamless Crop Top,38.0,0
Geo Seamless Tank,32.0,1
Training Fleece Zip Hoodie,46.0,0
Cord Pants,64.0,1
Everyday Seamless Zip Tracktop,48.0,0
Conditioning Goods Long Sleeve T-Shirt,28.8,1
Elevate Cycling Shorts,14.4,0
Lifting Loose Shorts,30.4,0
Flat Knit Zip Up Hoodie,90.0,1
Collegiate Shadow Washed Midi Sweatshirt,48.0,0
Pump Cover T-Shirt,28.8,1
Adapt Camo Graphic Hoodie,38.4,1
Bodybuilding Graphic Short Sleeve T-Shirt,36.0,1
Graphic Baselayer T-Shirt,32.0,1
Element Baselayer Shorts,26.0,1
everywear Ripstop Shorts,55.8,1
Heavyweight Washed Cut Off Hoodie,64.0,1
Training Leggings,38.0,0
Marl Flared Leggings,43.2,0
Legacy Stringer,24.0,1
Apex Lift Sports Bra,54.0,0
Heavyweight Washed Cargo Joggers,80.0,1
Lifting Long Sleeve Crop Top,38.0,0
"Speed Evolve 3"" 2 In 1 Shorts",42.0,1
Adapt Monogram Seamless Shorts,35.2,0
"Crest 7"" Shorts",24.0,1
Essential T-Shirt,26.0,1
Stitch Feature Crop Top,25.2,0
Power X Leggings,56.0,0
Graphic Baselayer Long Sleeve T-Shirt,36.0,1
Premium Lifting Drop Arm Tank,30.0,1
Grunge Oversized T-Shirt,32.0,0
Apex Seamless T-Shirt,46.0,1
Adapt Camo Seamless Ribbed Sports Bra,38.4,0
Fleece 1/4 Zip,58.0,1
Heritage Washed Crew,40.6,1
Woven Vest,61.2,1
Flex Shorts,36.0,0
Bulking Season Brushed Joggers,44.0,0
Strappy All In One,60.0,0
Crest Sweatshirt,36.0,1
Sport Seamless Cropped Tank,38.0,0
Everyday Seamless Crop Tank,24.0,0
Speed Tank,32.0,1
Power Washed Joggers,33.6,1
Adapt Monogram Seamless Midi Tank,32.0,0
Sweat Seamless Leggings,60.0,0
GS Power Joggers,56.0,0
Power Washed Joggers,56.0,1
Tattoo Midi Long Sleeve T-Shirt,35.2,0
GS Power Crop Tank,25.2,0
Minimal Sports Bra,30.0,1
Vital Seamless Regular Leggings,54.0,1
Everyday Long Sleeve Midi Top,30.0,0
Block Crop Top,26.0,0
Elevate Sports Bra,44.0,0
Everyday Seamless Shorts,28.0,1
"Training Contrast Loose Shorts 4""",22.4,0
Rest Day Cargo Pants,39.6,1
Everyday Long Sleeve Midi Top,30.0,0
Lifting Oversized Sweatshirt,37.8,0
Legacy Regular Leggings,43.2,0
Sets N Reps Hoodie,54.0,1
Heavyweight Washed Cut Off Hoodie,64.0,1
Marl Racer Shelf Crop Tank,30.4,0
Lifting Pocket Leggings,54.0,0
Training Oversized Fleece Hoodie,36.8,1
Rest Day Cotton Contour Pullover,48.0,0
Everyday C&S Trend Crop Top,30.0,0
Apex Seamless T-Shirt,46.0,1
Super Natural Cut Off Tank,32.4,1
"Apex Run 5"" Shorts",46.8,1
Adapt Camo Seamless Shorts- Victory Green/ Force Green,44.0,0
Lift Contour Seamless Leggings,60.0,0
Adapt Fleck Seamless Sports Bra,27.6,0
Sport Crew Sweatshirt,23.0,1
Multi Way Strap Bandeau Bra,30.0,0
Cotton Leggings,38.0,0
XXL Graphic Stringer,28.0,1
Ruched Strappy Sports Bra,30.0,1
Block Crop Top,26.0,0
Premium Legacy Hoodie,80.0,1
Washed Cut Out Hoodie,64.0,0
Spartan Crew,50.4,1
Rest Day Essential Crew,35.0,1
Adapt Fleck Seamless Halterneck Bralette,32.2,0
Apex Seamless T-Shirt,46.0,1
Vital Seamless Shorts,40.0,0
Collegiate Hoodie,70.0,1
everywear Relaxed Hoodie,76.0,1
Monogram Towel Shorts,39.2,0
Raise The Bar Long Sleeve T-Shirt,46.0,1
Glute Boost Seamless Shorts,38.4,0
Adapt Camo Seamless Leggings,36.0,0
Embroidered Logo Oversized Joggers,70.0,0
Sets On The Beach Oversized T-Shirt,28.8,0
Power Oversized Zip Hoodie,50.0,0
Blur Seamless Leggings,37.8,0
Apex Seamless Tank,37.8,1
Training Oversized Cotton Long Sleeve Top,30.0,0
Adapt Safari Seamless Bralette,42.0,1
Rest Day Sweats Joggers,56.0,0
GSLC Weight Graphic Sweater,40.0,0
Blur Seamless Long Sleeve Crop Top,26.6,0
Legacy T-Shirt,28.0,1
Washed Drop Arm Sleeveless Hoodie,50.4,1
Camo Print Woven Cargo Pants,56.0,1
Waffle T-Shirt,38.0,1
everywear Relaxed Hoodie,60.0,1
Strappy All in One Full length,64.0,0
Essential Cotton Midi Tank,20.0,0
Whitney Eyelash Knit Bandeau,17.6,0
everywear Lightweight Vest,72.0,1
Retake Seamless T-Shirt,20.0,1
Gains Seamless Leggings,54.0,0
Everyday Sports Bra,30.0,0
Sport T-Shirt,14.0,1
Lifting Club Hoodie,39.6,1
Ribbed Tank 1PK,16.0,1
Heritage Washed Cut Off Tank,32.0,1
Heritage Washed Crew,40.6,1
"Vital Seamless 7"" Shorts",40.0,0
Cut Out Bandeau,30.0,0
"Sport Run 3"" Shorts",38.0,1
2012 Lifting T-Shirt,26.0,1
Active Gym Bag Medium,35.2,1
Geo Seamless Tank,32.0,1
Bodybuilding Graphic Short Sleeve T-Shirt,36.0,1
Crest Joggers,38.0,1
Strong Women Oversized Hoodie,40.0,0
Premium Legacy Joggers,68.0,0
Rest Day Woven Cargo Pants,63.0,1
React Stringer,18.0,1
Ribbed Cotton Seamless T-Shirt,23.8,0
Icon 1 Trend Long Sleeve Top,35.2,0
Geo Seamless T-Shirt,36.0,1
Vital Seamless 2.0 Leggings,54.0,0
Crossover Sports Bra,21.6,0
Recess Joggers,46.0,1
Crest Oversized Hoodie,32.2,1
Sweat Seamless Leggings,48.0,0
Adapt Fleck Sports Bra,46.0,0
Block Oversized Hoodie,36.8,0
"Arrival 5"" Shorts",26.0,1
Sweat Seamless Leggings,60.0,0
Legacy Regular Leggings,54.0,0
"Arrival 5"" Shorts",26.0,1
Crew Running Socks,18.0,0
Adapt Safari Seamless Long Sleeve Crop Top,36.8,0
Heavyweight Washed Cargo Shorts,35.0,1
Heavyweight Cotton Crop T-Shirt,38.0,0
Grunge Oversized Hoodie,70.0,0
Lifting Club Graphic Baby Tee,25.6,0
Conditioning Goods Long Sleeve T-Shirt,28.8,1
Minimal Sports Bra,30.0,0
Mesh Sports Bra,10.4,0
Corset Seamless Shorts,40.0,0
Crest Joggers,38.0,1
Lift Contour Seamless Leggings,60.0,0
Dumbells & Deadlifts Shorts,28.8,0
Rest Day Buttery Soft Long Sleeve Top,38.0,0
Elevate Leggings,44.8,1
Geo Seamless Tank,32.0,1
Fleece Oversized Hoodie,60.0,0
Legacy Regular Leggings,43.2,0
Training T-Shirt,22.0,1
Fleece Joggers,56.0,0
Power Zip Up Hoodie,60.0,1
Vital Seamless 1/4 Zip,44.0,1
"Arrival 5"" Shorts",23.4,1
Washed Double Layer T-Shirt,40.0,1
Lifting Crew,21.0,1
Everyday Front V Waistband Shorts,28.0,0
Script Graphic Oversized T-Shirt,34.0,0
Adapt Camo Seamless Sports Bra,38.4,0
Lift With Us Graphic T-Shirt,40.0,0
Gains Seamless Ripped Shorts,35.2,0
British Iron Heavyweight Hoodie,70.0,0
Crest Oversized Hoodie,46.0,1
"Arrival 5"" Shorts",26.0,1
Strength Department Animal T-Shirt,44.0,0
Heavyweight Washed Hoodie,80.0,1
Embroidered Logo Oversized Hoodie,70.0,0
Bandeau Sports Bra,20.8,0
Heart Marl Leggings,43.2,0
Rest Day Sweats Joggers,56.0,0
"Training Contrast Loose 2.5"" Shorts",28.0,0
Rest Day Sweats Hoodie,60.0,0
Adapt Camo Graphic Hoodie,38.4,0
Stacked Long Sleeve T-Shirt,32.0,1
Training Fleece Joggers,42.0,0
"Heritage Washed 5"" Shorts",32.2,1
Everyday Seamless Shorts,28.0,1
Tattoo Midi Long Sleeve T-Shirt,35.2,0
Pique Track Jacket,54.0,1
Rib Bralette,28.0,0
Vital Seamless 2.0 Midi Tank,23.8,0
Corset Seamless Shorts,40.0,0
Fleece 1/4 Zip,30.0,1
Elevate Leggings,44.8,0
Vital Seamless Midi Zip Pullover,56.0,0
GS Power Leggings,56.0,0
Premium Legacy Sweatshirt,64.0,0
Training Fleece Joggers,42.0,0
Fleece Shorts,54.0,0
Strength Department Brushed Sweatshirt,40.0,0
Training Oversized Fleece Hoodie,46.0,1
Pintuck Shorts,22.4,0
Fleece Joggers,56.0,0
"Legacy 4"" Shorts",28.0,1
Power T-Shirt,36.0,1
Adapt Camo Seamless Ribbed Leggings,60.0,0
Geo Seamless Tank,25.6,1
Ruched Sports Bra,30.0,0
Vital Seamless 2.0 Light Long Sleeve Top,40.0,0
Strength Department Oversized Hoodie,40.0,0
Everyday Foldover Leggings,38.0,0
"Land to Water 6"" Shorts",42.0,1
Rest Day Sweats Joggers,56.0,1
Cotton Lifting Sports Bra,28.0,0
Rest Day Sweats Joggers,56.0,0
Everyday Seamless Crop Tank,24.0,0
"Sport 5"" 2 in 1 Shorts",29.4,1
"Speed 5"" Shorts",44.0,1
Tricot Jacket,90.0,0
Lifting Club T-Shirt,26.0,1
Lifting Apparel Stringer,28.0,1
Vital Seamless Light T-Shirt,36.0,0
GSLC Weight Graphic T-Shirt,32.0,0
Ruched Strappy Sports Bra,30.0,0
Lightweight Jersey Shorts,32.0,1
Fleece Oversized Hoodie,60.0,0
Dumbbells Long Sleeve T-Shirt,44.0,1
Legacy Regular Leggings,43.2,0
Running Top,38.0,0
Training Joggers,56.0,1
GS Power Original Tight Shorts,32.2,0
Vital Seamless T-Shirt,30.0,1
When I Lift Crop Top,16.0,0
"Run Sport 3"" Shorts",30.4,1
Arrival Slim Marl Tank,16.0,1
Rest Day Woven Cargo Pants,63.0,1
Legacy Oversized Sweatshirt,44.8,0
Vital Seamless 2.0 Light Long Sleeve Top,40.0,0
Ribbed Cotton Seamless Body Fit Tank,23.8,0
Ruched Strappy Sports Bra,30.0,0
Corset Seamless Leggings,50.0,0
Apex Seamless T-Shirt,46.0,1
Movin' Metal Graphic Hoodie,52.0,0
everywear Relaxed Hoodie,76.0,1
Built in the UK T-Shirt,26.6,1
Super Natural Cut Off Tank,36.0,1
Everyday Seamless Long Sleeve Top,28.0,0
Apex T-Shirt,27.6,1
"Sport 5"" 2 in 1 Shorts",42.0,1
Retake Seamless Long Sleeve T-Shirt,21.6,1
Element Baselayer T-Shirt,22.0,1
Strength Department Graphic Joggers,44.0,1
Tattoo Oversized Hoodie,40.0,0
Everyday Seamless Long Sleeve Crop Top,28.0,0
Sweat Seamless Shorts,46.0,0
Care Label Graphic Brushed Hoodie,40.0,1
Strength and Conditioning T-Shirt,42.0,1
Rest Day Sweats 1/2 Zip Pullover,56.0,0
GS Power Leggings,44.8,0
Graphic Crew Socks 7PK,35.2,0
Heritage Washed Crew,40.6,1
Training Fleece Cropped Sweatshirt,32.0,0
Ribbed Legging,30.4,0
Sport T-Shirt,28.0,1
Flannel Pants,56.0,1
Pocket Shorts,32.0,0
Fleece Zip Hoodie,60.0,0
Legacy Oversized Long Sleeve Top,46.0,0
Strong Women Crop Top,22.4,0
"Lifting Mesh 7"" Shorts",40.0,1
Oversized Hooded Jacket,94.0,1
Training Dept. UK T-Shirt,32.0,1
Cotton Bralette,16.8,0
Phys Ed Graphic Sweatpants,44.8,0
Legacy Short Leggings,54.0,0
Flex Long Sleeve Crop Top,28.0,0
Crest Oversized Zip Up Hoodie,48.0,1
Impact T-Shirt,28.0,1
Legacy Velcro Lifting Belt,48.0,1
Retro Waistband Shorts,38.0,0
Element Baselayer Shorts,18.2,1
Waffle Oversized T-Shirt,46.0,1
"Arrival 5"" Shorts",18.2,1
Raw Cut Leggings,54.0,0
Apollo Hoodie,40.0,1
Vital Seamless Light Long Sleeve Top,40.0,0
GS Power Tight Shorts,46.0,0
GS Power Short Leggings,44.8,0
Vital Seamless T-Shirt,30.0,1
Interlock Tech Joggers,66.0,1
Lifting Baddie Graphic Joggers,30.8,0
Essential Oversized T-Shirt,26.0,1
Arrival Regular Fit T-Shirt,22.0,1
Recess Shorts,28.0,1
Premium Legacy 1/4 Zip,74.0,1
Monogram T-Shirt,34.0,1
Whitney Eyelash Knit Midi Halter Top,18.4,0
Cropped Cord Sweater,54.0,0
"Sport 5"" Shorts",26.6,1
Strong Women Oversized Hoodie,40.0,0
Tattoo T-Shirt,24.0,0
Everyday High Neck Long Sleeve Top,34.0,0
Speed T-Shirt,36.0,1
Training Oversized Cotton Long Sleeve Top,30.0,0
Legacy Rag Top,42.0,1
Strong Women Joggers,35.2,0
Running 1/4 Zip,39.2,0
Rest Day Essentials Crew,50.0,1
Lightweight Jersey Shorts,32.0,1
Cut Out Bandeau,24.0,0
Sport Seamless Leggings,50.0,0
Crest Joggers,38.0,1
"Speed 5"" Shorts",44.0,1
Strength In Numbers Long Sleeve Top,38.0,0
Training Loose Fit Shorts,16.8,0
Lifting Long Sleeve Crop Top,38.0,0
Geo Seamless T-Shirt,23.8,1
Geo Seamless T-Shirt,36.0,1
Everyday C&S One Shoulder Crop Top,20.0,0
Check Sleeveless Shirt,39.6,1
"Hybrid 6"" Shorts",21.0,1
Sets N Reps T-Shirt,36.0,1
Cotton Seamless Long Sleeve Midi Top,27.2,0
"Arrival 5"" Shorts",26.0,1
Seamless Polo Shirt,42.0,1
Legacy Henley,36.0,1
Legacy T-Shirt,28.0,1
Bulking Season Brushed Hoodie,50.0,0
Polar Fleece 1/2 Zip,60.0,0
everywear Sweat Shorts,46.8,1
Training Oversized T-shirt,30.0,0
Critical 2.0 Joggers,44.0,1
Dumbells & Deadlifts Crop Sweater,36.8,0
Legacy Hoodie,48.0,1
Embroidered Logo Oversized T-Shirt,50.0,0
Arrival Long Sleeve T-Shirt,26.0,1
Union Jack Lifting Club T-Shirt,50.0,1
Back Gains Sports Bra,30.0,0
Halterneck Crop Cami Tank,25.2,0
Multicoloured Jersey- Multi,60.0,1
Committed to the Craft T-Shirt,42.0,1
Mesh Waistband Leggings,50.0,0
Strength and Conditioning T-Shirt,42.0,1
Heavyweight Cotton Long Sleeve Top,42.0,0
2012 Lifting Cut off Tank,28.0,1
Adapt Monogram Seamless Midi Tank,32.0,0
Team GS Bralette,24.0,0
"Heritage Washed 5"" Shorts",46.0,1
Legacy Regular Leggings,54.0,0
Adapt Fleck Seamless Crop Top,46.0,0
Premium Legacy Tank,27.0,1
"Lifting Mesh 7"" Shorts",40.0,1
Dumbells & Deadlifts Crop Sweater,36.8,0
Studio Joggers,48.0,1
Flex High Waisted Leggings,35.0,0
Vital Seamless Midi Zip Pullover,56.0,0
Trophy Graphic Shorts,40.0,1
"5"" Swim Short",16.8,1
Multi Way Strap Bandeau Bra,30.0,1
Ath Dept Oversized T-Shirt,42.0,0
Crest Sweatshirt,36.0,1
Waffle Polo Shirt,50.0,1
Barbell Hearts Oversized Joggers,48.0,0
Waffle Polo Shirt,50.0,1
Boost Bra,33.6,0
Crest T-Shirt,22.0,1
"Apex 7"" Hybrid Shorts",46.8,1
Heritage Washed Short Sleeve Crew,30.0,1
Running Leggings,58.0,0
Adapt Monogram Seamless Midi Tank,32.0,0
Mesh Tank,36.0,1
everywear Tech Long Sleeve Tee,40.0,1
I Love Squats Graphic Oversized Tee,32.0,0
Legacy T-Shirt,28.0,1
Power Zip Hoodie,36.0,1
Property Of Stringer,30.0,1
Training Fleece Shorts,34.0,0
Power T-Shirt,36.0,1
React Stringer,24.0,1
Legacy Printed Regular Leggings,43.2,0
Rest Day Sweats Oversized Crew,60.0,0
Crest Tank,20.0,1
Essential Oversized T-Shirt,26.0,1
Lifting Longline T-Shirt Dress,40.6,0
"Sport  7"" Shorts",38.0,1
Premium Legacy Joggers,68.0,0
Mesh Placement Legging,54.0,0
Ribbed Sports Bra,34.0,0
everywear Sweat Shorts,62.0,1
Legacy Drop Arm Hoodie,33.6,1
Rest Day Essentials Crew,50.0,1
Vital Seamless 2.0 Midi Zip Up Jacket,56.0,0
Bulking Season Baby Tee,32.0,0
GS Power Tight Shorts,46.0,0
Build Your Legacy Graphic Tank,30.0,1
Legacy Ringer Stringer,24.0,1
Heavyweight Cotton Long Sleeve Top,42.0,0
Stacked Hoodie,48.0,1
Apex Seamless Tank,37.8,1
Rest Day Essentials Joggers,50.0,1
Lifting Essentials Cropped Tank,32.0,0
"Logomania Mesh 5"" Shorts",41.4,1
Legacy Regular Leggings,54.0,0
"Sport  7"" Shorts",38.0,1
Lift Contour Seamless Shorts,46.0,0
Adapt Safari Seamless Leggings,60.0,0
Legacy Ringer T-Shirt,32.0,1
Adapt Camo Seamless Shorts,44.0,0
Grunge Oversized T-Shirt,32.0,0
Boost Bra,33.6,0
Element Baselayer Long Sleeve T-Shirt,25.2,1
Sherpa 1/4 Zip,80.0,0
Everyday Shelf Cami Tank,28.0,0
British Iron Heavyweight Hoodie,70.0,0
Longline Sports Bra,26.6,0
Training Oversized Fleece Sweatshirt,46.0,0
Legacy 1/4 Zip Cap Sleeve Hoodie,46.0,1
Training Long Sleeve Top,26.0,0
Running Top,38.0,0
British Lifting Goods Graphic T-Shirt,38.0,1
Heritage Washed Short Sleeve Crew,32.2,1
Recess Joggers,46.0,1
Flex Sports Long Sleeve Crop Top,28.0,0
Rest Day Essentials Hoodie,33.6,1
"Brandmark Mesh 5"" Shorts",41.4,1
Vital Seamless T-Shirt,30.0,1
Cross Back Sports Bra,33.6,0
Ribbed Tank 3 Pack,28.8,1
Flex Long Sleeve Crop Top,40.0,0
Heritage Washed T-Shirt,40.0,1
Property Of Cut Off Tank,40.0,1
One Shoulder Sports Bra,30.0,0
Adapt Fleck Seamless Leggings,60.0,0
Power T-Shirt,36.0,1
Rest Day Essentials Hoodie,56.0,1
Training Fleece Joggers,42.0,0
Vital Seamless 2.0 V Neck Sports Bra,38.0,0
Heritage Washed Cut Off Tank,22.4,1
Critical 2.0 Drop Arm Tank,14.0,1
Trophy Graphic Crew,60.0,1
Grunge Oversized Joggers,68.0,0
Everyday Seamless T-Shirt,28.0,0
Legacy T-Shirt,28.0,1
Multi Way Strap Bandeau Bra,30.0,1
Legacy Oversized T-Shirt,36.0,0
Scallop Hem Shaped Shorts,22.4,0
Everyday Seamless Crop Tank,24.0,0
Cargo Pocket Shorts,28.0,0
React Stringer,24.0,1
Vital Seamless Leggings,54.0,0
Everyday Seamless Long Sleeve Crop Top,28.0,1
Everyday Seamless Sports Bra,30.0,0
Bodybuilding Graphic Short Sleeve T-Shirt,36.0,1
Sport T-Shirt,19.6,1
Minimal Sports Bra,30.0,0
Legacy 1/4 Zip Cap Sleeve Hoodie,46.0,1
Adapt Fleck Seamless Shorts,44.0,0
I Heart Gym Joggers,30.8,0
Everyday Seamless Shorts,28.0,0
everywear Relaxed Stitch Sweatshirt,52.8,1
Training Performance Joggers,37.8,0
everywear Sweat Shorts,52.0,1
Adapt Camo Cross Back Sports Bra,40.0,0
Check Sleeveless Shirt,39.6,1
Double Waistband Shorts,32.0,0
British Lifting Goods Graphic Shorts,44.0,1
Element Baselayer T-Shirt,20.0,1
"Interlock Tech 6"" Shorts",46.0,1
Ribbed Cotton Seamless One Shoulder Bra,24.0,0
Performance Polo Shirt,46.0,1
Crest Oversized Zip Up Hoodie,48.0,1
Block Oversized T-Shirt,30.0,0
Lightweight Jersey Shorts,32.0,1
"Arrival 7"" Shorts",26.0,1
Power T-Shirt,36.0,1
Crest Hoodie,40.0,1
Training Joggers,56.0,1
Arrival Long Sleeve T-Shirt,26.0,1
Care Label Graphic Brushed Shorts,32.0,0
Everyday Seamless Long Sleeve Top,28.0,0
"Sport 5"" Shorts",26.6,1
"Training Dept. UK 7"" Shorts",28.0,1
Fraction Oversized T-Shirt,30.0,0
Lifting Logo Leggings,42.0,0
"Legacy 4"" Shorts",40.0,1
315 Seamless 1/2 Shorts,18.0,1
Running Top,38.0,0
GS Power Regular Leggings,44.8,0
Apex Lift Seamless Leggings,70.0,0
Lifting Essentials Oversized Sweatshirt,50.0,0
Lifting Dept Graffiti T-Shirt,34.2,1
Adapt Safari Seamless Bralette,42.0,1
Rest Day Sweats Joggers,44.8,0
Sport Seamless Cropped Tank,38.0,0
2012 Lifting Joggers,50.0,1
Everyday Seamless Leggings,38.0,0
Adapt Fleck Seamless Leggings,60.0,0
Premium Legacy Tank,27.0,1
Powered By Pre Sweatshirt,36.8,0
Everyday Seamless Crop Top,24.0,0
Adapt Safari Tight Shorts,44.0,1
Care Label Graphic Brushed Hoodie,40.0,0
Speed T-Shirt,36.0,1
Running Leggings,40.6,0
Power T-Shirt,36.0,1
"Apex 5"" Hybrid Short",36.8,1
Ribbed Cotton Seamless Tank,27.2,0
Essential Oversized Joggers,44.0,1
"Mesh 5"" Shorts",40.0,1
"Apex 7"" Hybrid Shorts",52.0,1
Strength Department Graphic Joggers,44.0,0
Sport Seamless Sports Bra,38.0,0
Power Oversized Zip Hoodie,50.0,0
Running Leggings,58.0,0
GS Power Tight Shorts,46.0,0
Rest Day Sweats 1/2 Zip Pullover,56.0,0
Training Fleece Cropped Hoodie,28.0,0
Power Washed Short Sleeve Crew,50.0,1
Legacy Cropped Short Sleeve Crew,44.0,1
Arrival Marl T-Shirt,22.0,1
Rest Day Woven Shorts,40.0,1
I Love Squats Hoodie,40.0,0
Training Oversized T-Shirt,30.0,0
British Iron Hoodie,70.0,1
Lifting Dept Graffiti T-Shirt,38.0,1
Ath Dept Oversized T-Shirt,33.6,0
Running Glove,22.0,1
Vital Seamless 2.0 Crop Top,26.6,0
Rest Day Essentials Joggers,50.0,1
Adapt Fleck Seamless Long Sleeve Crop Top,46.0,0
Heritage Washed Short Sleeve Crew,50.0,1
Ruched Sports Bra,30.0,0
"Training Contrast Loose Shorts 4""",19.6,0
Apex Long Sleeve T-Shirt,30.0,1
Arrival Tank,20.0,1
Cropped Cord Sweater,54.0,0
Conditioning Graphic T-Shirt,30.4,1
Essential T-Shirt,26.0,1
Gains Seamless Bralette,32.0,0
Contour Heart Seamless Short Sleeve Top,43.2,0
"Running Dept. 5"" Shorts",28.0,1
Ribbed Cotton Seamless One Shoulder Bra,24.0,0
Collegiate T-Shirt,44.0,1
Property Of Hoodie,42.0,1
Blur Seamless Cami,26.6,0
Sport Seamless Midi Top,38.0,0
Block Oversized T-Shirt,30.0,0
Heavy Duty Lifter Stringer,28.0,1
Diamante Baby Tee,24.0,0
Barbell Hearts Oversized Sweatshirt,50.0,0
Carlos x Element Baselayer,32.0,1
Rest Day Essentials T-Shirt,32.0,1
Ribbon Ankle Leggings,54.0,0
Vital Seamless 2.0 Leggings,43.2,0
Adapt Camo Cross Back Sports Bra,40.0,0
Conditioning Goods T-Shirt,25.6,1
Ruched Side Shelf Tank,44.0,0
Strap Feature Sports Bra,30.0,0
Barbell Hearts Oversized T-Shirt,32.0,0
Heavy Duty Apparel Hoodie,50.0,1
Rest Day Essentials Hoodie,56.0,1
"Land to Water 6"" Shorts",48.0,1
Sport 1/4 Zip,24.0,1
Everyday Seamless Crop Tank,24.0,1
Crest Tank,20.0,1
Rest Day Essentials T-Shirt,22.4,1
Power T-Shirt,36.0,1
Everyday Seamless Leggings,38.0,0
Rest Day Sweats Long Sleeve T-Shirt,40.0,1
Lift Contour Seamless Sports Bra,46.0,0
Element Baselayer Leggings,32.0,1
Woven Pocket Shorts,26.6,0
"Interlock Tech 6"" Shorts",46.0,1
Stitch Feature Crop Top,21.6,0
Contour Heart Seamless Tank,38.4,0
Premium Legacy Joggers,68.0,0
Minimal Sports Bra,30.0,0
Sharkhead Infill Hoodie,44.0,1
Adapt Fleck Seamless Crop Top,46.0,0
Sweat Seamless Sports Bra 2.0,46.0,0
"Training Dept. UK 7"" Shorts",28.0,1
Flannel Shirt,70.0,1
GSLC Weight Graphic Sweater,40.0,0
Property Of Stringer,30.0,1
Sport Seamless Leggings,50.0,0
Lifting Long Sleeve Crop Top,38.0,0
Crest Straight Leg Joggers,44.0,1
Gains Seamless Fitted Crop Top,28.0,0
"Arrival 7"" Shorts",26.0,1
Rest Day Essentials Joggers,35.0,1
Adapt Fleck Seamless Leggings,30.0,0
Strength Department Brushed Sweatshirt,50.0,0
Training Fleece Joggers,42.0,0
Ruched Sports Bra,30.0,0
Heritage Washed Sleeveless Zip Hoodie,30.0,1
Contour Shorts,30.4,0
Training Hoodie,48.0,1
Off Duty Seamless Baby Tee,36.0,0
Crossover Sports Bra,21.6,0
Power T-Shirt,36.0,1
Worldwide Crew,56.0,1
Training Department Graphic Cropped Tank,20.8,0
Elevate Fleece Midi Jacket,84.0,0
Rest Day Essential Crew,25.0,1
Rest Day Essentials Hoodie,33.6,1
Training Long Sleeve Top,26.0,0
Fraction Oversized T-Shirt,30.0,0
Flex Shorts,36.0,0
React Drop Arm Tank,24.0,1
everywear Tech Tee,36.8,1
Crest Tank,20.0,1
Graphic Baselayer Long Sleeve T-Shirt,36.0,1
"Brandmark Mesh 5"" Shorts",41.4,1
Apex Seamless T-Shirt,46.0,1
"Printed Lifting Mesh 5"" Shorts",36.8,1
Everyday Foldover Leggings,38.0,0
Vital Seamless 2.0 Crop Top,26.6,0
Power x T Back Sports Bra,36.0,0
"Crest 7"" Shorts",19.2,1
GS Power Tight Shorts,46.0,0
"Hybrid 6"" Shorts",42.0,1
Adapt Fleck Seamless Leggings,48.0,0
Apex T-Shirt,46.0,1
Heavy Duty Apparel T-Shirt,34.0,1
Premium Legacy Tank,30.0,1
Adapt Fleck Seamless Halterneck Bralette,32.2,0
Tattoo Midi Long Sleeve T-Shirt,35.2,0
Oversized Performance T-Shirt,26.0,1
Sweat Seamless T-Shirt,28.0,0
Care Label Graphic Brushed Hoodie,40.0,0
Control Baselayer Shorts,34.0,1
Premium Legacy Cargo Pants,42.0,1
Built in the UK Hoodie,60.0,1
Everyday Seamless Crop Top,24.0,0
Sport Seamless Sports Bra,38.0,0
Lifting Babe Oversized T-Shirt,25.2,0
Impact Drop Arm Tank,24.0,1
Elevate Tall Leggings,68.0,0
Lifting Straight Leg Joggers,56.0,0
Crop Mesh Tank,35.2,0
Tricot Jacket,90.0,0
Trophy Graphic T-Shirt,38.0,1
"Sport 5"" Shorts",29.4,1
Collegiate Shadow Washed Tank,36.0,1
Everyday Long Sleeve Midi Top,30.0,0
Vital Seamless T-Shirt,30.0,1
"Sport 5"" 2in1 Shorts",32.2,1
Retro Waistband Shorts,26.6,0
"Arrival 5"" Shorts",15.6,1
Power T-Shirt,36.0,1
Rest Day Sweats Joggers,56.0,0
Ribbed Leggings,38.0,0
Adapt Camo Seamless Sports Bra,27.6,0
Vital Seamless  2.0 Leggings,43.2,0
Legacy Joggers,48.0,0
Dumbells & Deadlifts Oversized T-Shirt,24.0,0
Mesh Placement Leggings,54.0,0
Vital Seamless 2.0 Light T-Shirt,36.0,0
Whitney Eyelash Knit Bandeau,22.0,0
Activate Long Sleeve Top,28.0,0
Property Of T-Shirt,38.0,1
Power Washed Crew,58.0,1
Running Cycling Shorts,40.0,0
Oversized Performance T-Shirt,26.0,1
Grade Fleece Pant,56.0,1
Polar Fleece 1/2 Zip,60.0,0
Corset Seamless Bodysuit,62.0,0
Global Lifting Shorts,44.0,1
2012 Lifting Oversized T-Shirt,30.0,1
Lifting 2 In 1 Crop Tank,21.0,0
Legacy Oversized Sweatshirt,51.2,0
"Lifting Club Mesh 5"" Shorts",36.0,1
British Iron Hoodie,70.0,1
Rugby Shirt,54.0,1
2012 Lifting Hoodie,50.0,1
Collegiate Shadow Washed Tank,36.0,1
Impact Stringer,24.0,1
Essential Oversized Joggers,44.0,1
Elevate Ruched Tank,30.4,0
Conditioning Goods Long Sleeve T-Shirt,28.8,1
Conditioning Graphic T-Shirt,30.4,1
Tattoo Oversized Hoodie,40.0,0
Power x T Back Sports Bra,36.0,0
Crest Sweatshirt,36.0,1
Training Leggings,38.0,0
Lifting Graphic T-Shirt,34.0,0
Arrival Regular Fit T-Shirt,22.0,1
Arrival V-Neck T Shirt,22.0,1
"Running Dept. 5"" Shorts",28.0,1
Everyday Woven Pant,38.0,0
Sport Seamless Midi Top,38.0,0
Power Washed Short Sleeve Crew,50.0,1
Arrival Long Sleeve T-Shirt,26.0,1
Vibes Vest,42.0,1
Crest Oversized Hoodie,46.0,1
React Stringer,24.0,1
Training Oversized Fleece Hoodie,36.8,0
Vital Seamless 2.0 Leggings,32.4,0
Flex High Waisted Leggings,50.0,1
Everyday Seamless Leggings,38.0,1
Adapt Camo Long Sleeve Crop Top,44.0,0
Power Washed Joggers,56.0,0
Adapt Fleck Seamless Shorts,44.0,0
"Sport 5"" Shorts",30.4,1
Vital Seamless 2.0 V Neck Sports Bra,38.0,0
Legacy Drop Arm Hoodie,37.8,1
Everyday High Neck Long Sleeve Top,34.0,0
Mesh Placement Leggings,54.0,0
Rest Day Sweats 1/4 Zip,60.0,1
2012 Lifting Shorts,30.0,1
Conditioning Goods T-Shirt,25.6,1
Everyday Open Back Long Sleeve Top,34.0,0
Adapt Safari Seamless Long Sleeve Crop Top,36.8,0
Speed 1/4 Zip,50.0,1
Sport Seamless 1/4 Zip,26.0,1
"Training Contrast Loose 2.5"" Shorts",19.6,0
Fleece 1/4 Zip,48.0,1
Essential Oversized T-Shirt,26.0,1
Crest Oversized Hoodie,32.2,1
Apex Contrast Shorts,58.0,0
Essential Oversized T-Shirt,26.0,1
Conditioning Goods Long Sleeve T-Shirt,28.8,1
Collegiate Joggers,44.0,0
Everyday Seamless T-Shirt,28.0,0
Arrival Tank,20.0,1
Vital Seamless Sports Bra,42.0,0
Power T-Shirt,36.0,1
Apex Contrast Shorts,58.0,0
React Stringer,24.0,1
British Iron T-Shirt,50.0,1
Arrival T-Shirt,22.0,1
"Heavy Duty Apparel 7"" Shorts",30.0,1
Adapt Marl Seamless Leggings,24.0,0
Lifting 12 T-Shirt,34.0,1
Essential Cotton Midi Tank,20.0,0
"Apex Run 4"" Shorts",23.0,1
Arrival Tank,20.0,1
Movin' Metal Graphic Tank,28.0,1
Elevate Leggings 2.0,64.0,0
Sherpa Puffer Jacket,94.0,0
Legacy Logo Tight Shorts,40.0,0
Everyday Seamless Sports Bra,26.0,1
Premium Legacy Washed Oversized T-Shirt,40.0,0
Strength Department Oversized Hoodie,40.0,0
Training 1/4 Zip,40.0,1
Vital Seamless T-Shirt,30.0,1
everywear Sweat Shorts,62.0,1
Adapt Safari Seamless Leggings,60.0,1
Vital Seamless Light T-Shirt,36.0,0
Marl Racer Shelf Crop Tank- Rust Brown/Undyed Marl,30.4,0
Build Your Legacy Graphic Tank,30.0,1
"Sport  5"" Shorts",38.0,1
Graphic Crew Socks 7PK,28.8,0
Dumbells & Deadlifts Shorts,28.8,0
Heritage Washed Crew,58.0,1
Flex High Waisted Leggings,50.0,0
Fleece Crop Pullover,56.0,0
Rest Day Essential Crew,30.0,1
"Arrival 5"" Shorts",26.0,1
Double Up Sports Bra,34.0,0
Lift Contour Seamless Sports Bra,46.0,0
Training Cotton Tank,20.0,0
Tire Graphic T-Shirt,50.0,1
Speed Tank,32.0,1
"Towelling 7"" Shorts",40.5,1
"Lifting Mesh 5"" Shorts",40.0,1
"5"" Swim Short",16.8,1
Premium Legacy Washed 2-in-1 Long Sleeve,46.0,0
Wordmark Crew 3pk,16.0,1
Cotton Bodysuit,19.6,0
Strap Feature Sports Bra,30.0,0
Training Oversized T-Shirt,30.0,1
Heavy Duty Apparel T-Shirt,34.0,1
Vital Seamless 1/4 Zip,44.0,1
Legacy Bra,30.0,0
Rest Day Essentials Hoodie,56.0,1
Adapt Fleck Seamless Long Sleeve Crop Top,46.0,0
Vital Seamless 2.0 Crop Top,38.0,0
