Product,Price,Specific Category,General Category
Vital Seamless T-Shirt,$30,T-shirt,Top
React Drop Arm Tank,$24,Tank,Top
Sport Shorts,$38,Shorts,Shorts
Lightweight Jersey Shorts,$32,Shorts,Shorts
Arrival Shorts,$26,Shorts,Shorts
"Arrival 5"" Shorts",$26,Shorts,Shorts
Crest Shorts,$24,Shorts,Shorts
Crest Joggers,$38,Sweatpants,Pants
"Arrival 7"" Shorts",$26,Shorts,Shorts
Crest Shorts,$24,Shorts,Shorts
Arrival Shorts,$26,Shorts,Shorts
Arrival Shorts,$26,Shorts,Shorts
"Arrival 5"" Shorts",$26,Shorts,Shorts
"Arrival 5"" Shorts",$26,Shorts,Shorts
"Arrival 5"" Shorts",$26,Shorts,Shorts
Essential Oversized Joggers,$44,Sweatpants,Pants
"Arrival 7"" Shorts",$26,Shorts,Shorts
Essential Oversized T-Shirt,$26,T-shirt,Top
Power T-Shirt,$36,T-shirt,Top
"Arrival 5"" Shorts",$26,Shorts,Shorts
"Sport 7"" Shorts",$26.60,Shorts,Shorts
Crest Oversized Hoodie,$32.20,Hoodie,Outerwear
Vital Seamless T-Shirt,$30,T-shirt,Top
Legacy T-Shirt,$28,T-shirt,Top
React Drop Arm Tank,$24,Tank,Top
React Drop Arm Tank,$24,Tank,Top
Legacy T-Shirt,$28,T-shirt,Top
React Drop Arm Tank,$24,Tank,Top
React Stringer,$24,Tank,Top
"Sport 5"" Shorts",$38,Shorts,Shorts
Arrival Marl T-Shirt,$22,T-shirt,Top
Crest Joggers,$38,Sweatpants,Pants
Arrival Regular Fit T-Shirt,$22,T-shirt,Top
Crest T-Shirt,$22,T-shirt,Top
Rest Day Washed T-Shirt,$44,T-shirt,Top
Heritage Washed Hoodie,$64,Hoodie,Outerwear
Crest Oversized Hoodie,$46,Hoodie,Outerwear
Arrival Woven Joggers,$40,Sweatpants,Pants
Heritage Washed T-Shirt,$40,T-shirt,Top
"Lifting Club Mesh 5"" Shorts",$40,Shorts,Shorts
American Muscle Extreme Oversized T-Shirt,$40,T-shirt,Top
Crest Hoodie,$24,Hoodie,Outerwear
Crest T-Shirt,$22,T-shirt,Top
"Arrival 7"" Shorts",$26,Shorts,Shorts
Arrival Regular Fit T-Shirt,$22,T-shirt,Top
"Sport 7"" Shorts",$26.60,Shorts,Shorts
React Drop Arm Tank,$24,Tank,Top
Legacy T-Shirt,$28,T-shirt,Top
Pump Cover T-Shirt,$36,T-shirt,Top
Sport Shorts,$38,Shorts,Shorts
Studio Shorts,$42,Shorts,Shorts
Arrival T-Shirt,$22,T-shirt,Top
Boxer Brief3PK,$34,Underwear,Underwear
Arrival Marl T-Shirt,$22,T-shirt,Top
Crest Shorts,$24,Shorts,Shorts
Crest Hoodie,$40,Hoodie,Outerwear
Rest Day Essential Crew,$30,Crew,Outerwear
"Lifting Club Mesh 5"" Shorts",$40,Shorts,Shorts
Arrival T-Shirt T-Shirt,$22,T-shirt,Top
Crest Cargo Shorts,$30,Shorts,Shorts
Vital Seamless T-Shirt,$30,T-shirt,Top
React Drop Arm Tank,$24,Tank,Top
Sport Shorts,$38,Shorts,Shorts
Lightweight Jersey Shorts,$32,Shorts,Shorts
Arrival Shorts,$26,Shorts,Shorts
"Arrival 5"" Shorts",$26,Shorts,Shorts
Crest Shorts,$24,Shorts,Shorts
Crest Joggers,$38,Sweatpants,Pants
"Arrival 7"" Shorts",$26,Shorts,Shorts
Crest Shorts,$24,Shorts,Shorts
Arrival Shorts,$26,Shorts,Shorts
Arrival Shorts,$26,Shorts,Shorts
"Arrival 5"" Shorts",$26,Shorts,Shorts
"Arrival 5"" Shorts",$26,Shorts,Shorts
"Arrival 5"" Shorts",$26,Shorts,Shorts
Essential Oversized Joggers,$44,Sweatpants,Pants
"Arrival 7"" Shorts",$26,Shorts,Shorts
Essential Oversized T-Shirt,$26,T-shirt,Top
Power T-Shirt,$36,T-shirt,Top
"Arrival 5"" Shorts",$26,Shorts,Shorts
"Sport 7"" Shorts",$26.60,Shorts,Shorts
Crest Oversized Hoodie,$32.20,Hoodie,Outerwear
Vital Seamless T-Shirt,$30,T-shirt,Top
Legacy T-Shirt,$28,T-shirt,Top
React Drop Arm Tank,$24,Tank,Top
React Drop Arm Tank,$24,Tank,Top
Legacy T-Shirt,$28,T-shirt,Top
React Drop Arm Tank,$24,Tank,Top
React Stringer,$24,Tank,Top
"Sport 5"" Shorts",$38,Shorts,Shorts
Arrival Marl T-Shirt,$22,T-shirt,Top
Crest Joggers,$38,Sweatpants,Pants
Arrival Regular Fit T-Shirt,$22,T-shirt,Top
Crest T-Shirt,$22,T-shirt,Top
Rest Day Washed T-Shirt,$44,T-shirt,Top
Heritage Washed Hoodie,$64,Hoodie,Outerwear
Crest Oversized Hoodie,$46,Hoodie,Outerwear
Arrival Woven Joggers,$40,Sweatpants,Pants
Heritage Washed T-Shirt,$40,T-shirt,Top
"Lifting Club Mesh 5"" Shorts",$40,Shorts,Shorts
American Muscle Extreme Oversized T-Shirt,$40,T-shirt,Top
Crest Hoodie,$24,Hoodie,Outerwear
Crest T-Shirt,$22,T-shirt,Top
"Arrival 7"" Shorts",$26,Shorts,Shorts
Arrival Regular Fit T-Shirt,$22,T-shirt,Top
"Sport 7"" Shorts",$26.60,Shorts,Shorts
React Drop Arm Tank,$24,Tank,Top
Legacy T-Shirt,$28,T-shirt,Top
Pump Cover T-Shirt,$36,T-shirt,Top
Sport Shorts,$38,Shorts,Shorts
Studio Shorts,$42,Shorts,Shorts
Arrival T-Shirt,$22,T-shirt,Top
Boxer Brief3PK,$34,Underwear,Underwear
Arrival Marl T-Shirt,$22,T-shirt,Top
Crest Shorts,$24,Shorts,Shorts
Crest Hoodie,$40,Hoodie,Outerwear
Rest Day Essential Crew,$30,Crew,Outerwear
"Lifting Club Mesh 5"" Shorts",$40,Shorts,Shorts
Arrival T-Shirt T-Shirt,$22,T-shirt,Top
Crest Cargo Shorts,$30,Shorts,Shorts
Vital Seamless T-Shirt,$30,T-shirt,Top
React Drop Arm Tank,$24,Tank,Top
Sport Shorts,$38,Shorts,Shorts
Lightweight Jersey Shorts,$32,Shorts,Shorts
Arrival Shorts,$26,Shorts,Shorts
"Arrival 5"" Shorts",$26,Shorts,Shorts
Crest Shorts,$24,Shorts,Shorts
Crest Joggers,$38,Sweatpants,Pants
"Arrival 7"" Shorts",$26,Shorts,Shorts
Crest Shorts,$24,Shorts,Shorts
Arrival Shorts,$26,Shorts,Shorts
Arrival Shorts,$26,Shorts,Shorts
"Arrival 5"" Shorts",$26,Shorts,Shorts
"Arrival 5"" Shorts",$26,Shorts,Shorts
"Arrival 5"" Shorts",$26,Shorts,Shorts
Essential Oversized Joggers,$44,Sweatpants,Pants
"Arrival 7"" Shorts",$26,Shorts,Shorts
Essential Oversized T-Shirt,$26,T-shirt,Top
Power T-Shirt,$36,T-shirt,Top
"Arrival 5"" Shorts",$26,Shorts,Shorts
"Sport 7"" Shorts",$26.60,Shorts,Shorts
Crest Oversized Hoodie,$32.20,Hoodie,Outerwear
Vital Seamless T-Shirt,$30,T-shirt,Top
Legacy T-Shirt,$28,T-shirt,Top
React Drop Arm Tank,$24,Tank,Top
React Drop Arm Tank,$24,Tank,Top
Legacy T-Shirt,$28,T-shirt,Top
React Drop Arm Tank,$24,Tank,Top
React Stringer,$24,Tank,Top
"Sport 5"" Shorts",$38,Shorts,Shorts
Arrival Marl T-Shirt,$22,T-shirt,Top
Crest Joggers,$38,Sweatpants,Pants
Arrival Regular Fit T-Shirt,$22,T-shirt,Top
Crest T-Shirt,$22,T-shirt,Top
Rest Day Washed T-Shirt,$44,T-shirt,Top
Heritage Washed Hoodie,$64,Hoodie,Outerwear
Crest Oversized Hoodie,$46,Hoodie,Outerwear
Arrival Woven Joggers,$40,Sweatpants,Pants
Heritage Washed T-Shirt,$40,T-shirt,Top
"Lifting Club Mesh 5"" Shorts",$40,Shorts,Shorts
American Muscle Extreme Oversized T-Shirt,$40,T-shirt,Top
Crest Hoodie,$24,Hoodie,Outerwear
Crest T-Shirt,$22,T-shirt,Top
"Arrival 7"" Shorts",$26,Shorts,Shorts
Arrival Regular Fit T-Shirt,$22,T-shirt,Top
"Sport 7"" Shorts",$26.60,Shorts,Shorts
React Drop Arm Tank,$24,Tank,Top
Legacy T-Shirt,$28,T-shirt,Top
Pump Cover T-Shirt,$36,T-shirt,Top
Sport Shorts,$38,Shorts,Shorts
Studio Shorts,$42,Shorts,Shorts
Arrival T-Shirt,$22,T-shirt,Top
Boxer Brief3PK,$34,Underwear,Underwear
Arrival Marl T-Shirt,$22,T-shirt,Top
Crest Shorts,$24,Shorts,Shorts
Crest Hoodie,$40,Hoodie,Outerwear
Rest Day Essential Crew,$30,Crew,Outerwear
"Lifting Club Mesh 5"" Shorts",$40,Shorts,Shorts
Arrival T-Shirt T-Shirt,$22,T-shirt,Top
Crest Cargo Shorts,$30,Shorts,Shorts
Vital Seamless T-Shirt,$30,T-shirt,Top
React Drop Arm Tank,$24,Tank,Top
Sport Shorts,$38,Shorts,Shorts
Lightweight Jersey Shorts,$32,Shorts,Shorts
Arrival Shorts,$26,Shorts,Shorts
"Arrival 5"" Shorts",$26,Shorts,Shorts
Crest Shorts,$24,Shorts,Shorts
Crest Joggers,$38,Sweatpants,Pants
"Arrival 7"" Shorts",$26,Shorts,Shorts
Crest Shorts,$24,Shorts,Shorts
Arrival Shorts,$26,Shorts,Shorts
Arrival Shorts,$26,Shorts,Shorts
"Arrival 5"" Shorts",$26,Shorts,Shorts
"Arrival 5"" Shorts",$26,Shorts,Shorts
"Arrival 5"" Shorts",$26,Shorts,Shorts
Essential Oversized Joggers,$44,Sweatpants,Pants
"Arrival 7"" Shorts",$26,Shorts,Shorts
Essential Oversized T-Shirt,$26,T-shirt,Top
Power T-Shirt,$36,T-shirt,Top
"Arrival 5"" Shorts",$26,Shorts,Shorts
"Sport 7"" Shorts",$26.60,Shorts,Shorts
Crest Oversized Hoodie,$32.20,Hoodie,Outerwear
Vital Seamless T-Shirt,$30,T-shirt,Top
Legacy T-Shirt,$28,T-shirt,Top
React Drop Arm Tank,$24,Tank,Top
React Drop Arm Tank,$24,Tank,Top
Legacy T-Shirt,$28,T-shirt,Top
React Drop Arm Tank,$24,Tank,Top
React Stringer,$24,Tank,Top
"Sport 5"" Shorts",$38,Shorts,Shorts
Arrival Marl T-Shirt,$22,T-shirt,Top
Crest Joggers,$38,Sweatpants,Pants
Arrival Regular Fit T-Shirt,$22,T-shirt,Top
Crest T-Shirt,$22,T-shirt,Top
Rest Day Washed T-Shirt,$44,T-shirt,Top
Heritage Washed Hoodie,$64,Hoodie,Outerwear
Crest Oversized Hoodie,$46,Hoodie,Outerwear
Arrival Woven Joggers,$40,Sweatpants,Pants
Heritage Washed T-Shirt,$40,T-shirt,Top
"Lifting Club Mesh 5"" Shorts",$40,Shorts,Shorts
American Muscle Extreme Oversized T-Shirt,$40,T-shirt,Top
Crest Hoodie,$24,Hoodie,Outerwear
Crest T-Shirt,$22,T-shirt,Top
"Arrival 7"" Shorts",$26,Shorts,Shorts
Arrival Regular Fit T-Shirt,$22,T-shirt,Top
"Sport 7"" Shorts",$26.60,Shorts,Shorts
React Drop Arm Tank,$24,Tank,Top
Legacy T-Shirt,$28,T-shirt,Top
Pump Cover T-Shirt,$36,T-shirt,Top
Sport Shorts,$38,Shorts,Shorts
Studio Shorts,$42,Shorts,Shorts
Arrival T-Shirt,$22,T-shirt,Top
Boxer Brief3PK,$34,Underwear,Underwear
Arrival Marl T-Shirt,$22,T-shirt,Top
Crest Shorts,$24,Shorts,Shorts
Crest Hoodie,$40,Hoodie,Outerwear
Rest Day Essential Crew,$30,Crew,Outerwear
"Lifting Club Mesh 5"" Shorts",$40,Shorts,Shorts
Arrival T-Shirt T-Shirt,$22,T-shirt,Top
Crest Cargo Shorts,$30,Shorts,Shorts
Vital Seamless T-Shirt,$30,T-shirt,Top
React Drop Arm Tank,$24,Tank,Top
Sport Shorts,$38,Shorts,Shorts
Lightweight Jersey Shorts,$32,Shorts,Shorts
Arrival Shorts,$26,Shorts,Shorts
"Arrival 5"" Shorts",$26,Shorts,Shorts
Crest Shorts,$24,Shorts,Shorts
Crest Joggers,$38,Sweatpants,Pants
"Arrival 7"" Shorts",$26,Shorts,Shorts
Crest Shorts,$24,Shorts,Shorts
Arrival Shorts,$26,Shorts,Shorts
Arrival Shorts,$26,Shorts,Shorts
"Arrival 5"" Shorts",$26,Shorts,Shorts
"Arrival 5"" Shorts",$26,Shorts,Shorts
"Arrival 5"" Shorts",$26,Shorts,Shorts
Essential Oversized Joggers,$44,Sweatpants,Pants
"Arrival 7"" Shorts",$26,Shorts,Shorts
Essential Oversized T-Shirt,$26,T-shirt,Top
Power T-Shirt,$36,T-shirt,Top
"Arrival 5"" Shorts",$26,Shorts,Shorts
"Sport 7"" Shorts",$26.60,Shorts,Shorts
Crest Oversized Hoodie,$32.20,Hoodie,Outerwear
Vital Seamless T-Shirt,$30,T-shirt,Top
Legacy T-Shirt,$28,T-shirt,Top
React Drop Arm Tank,$24,Tank,Top
React Drop Arm Tank,$24,Tank,Top
Legacy T-Shirt,$28,T-shirt,Top
React Drop Arm Tank,$24,Tank,Top
React Stringer,$24,Tank,Top
"Sport 5"" Shorts",$38,Shorts,Shorts
Arrival Marl T-Shirt,$22,T-shirt,Top
Crest Joggers,$38,Sweatpants,Pants
Arrival Regular Fit T-Shirt,$22,T-shirt,Top
Crest T-Shirt,$22,T-shirt,Top
Rest Day Washed T-Shirt,$44,T-shirt,Top
Heritage Washed Hoodie,$64,Hoodie,Outerwear
Crest Oversized Hoodie,$46,Hoodie,Outerwear
Arrival Woven Joggers,$40,Sweatpants,Pants
Heritage Washed T-Shirt,$40,T-shirt,Top
"Lifting Club Mesh 5"" Shorts",$40,Shorts,Shorts
American Muscle Extreme Oversized T-Shirt,$40,T-shirt,Top
Crest Hoodie,$24,Hoodie,Outerwear
Crest T-Shirt,$22,T-shirt,Top
"Arrival 7"" Shorts",$26,Shorts,Shorts
Arrival Regular Fit T-Shirt,$22,T-shirt,Top
"Sport 7"" Shorts",$26.60,Shorts,Shorts
React Drop Arm Tank,$24,Tank,Top
Legacy T-Shirt,$28,T-shirt,Top
Pump Cover T-Shirt,$36,T-shirt,Top
Sport Shorts,$38,Shorts,Shorts
Studio Shorts,$42,Shorts,Shorts
Arrival T-Shirt,$22,T-shirt,Top
Boxer Brief3PK,$34,Underwear,Underwear
Arrival Marl T-Shirt,$22,T-shirt,Top
Crest Shorts,$24,Shorts,Shorts
Crest Hoodie,$40,Hoodie,Outerwear
Rest Day Essential Crew,$30,Crew,Outerwear
"Lifting Club Mesh 5"" Shorts",$40,Shorts,Shorts
Arrival T-Shirt T-Shirt,$22,T-shirt,Top
Crest Cargo Shorts,$30,Shorts,Shorts
Vital Seamless T-Shirt,$30,T-shirt,Top
React Drop Arm Tank,$24,Tank,Top
Sport Shorts,$38,Shorts,Shorts
Lightweight Jersey Shorts,$32,Shorts,Shorts
Arrival Shorts,$26,Shorts,Shorts
"Arrival 5"" Shorts",$26,Shorts,Shorts
Crest Shorts,$24,Shorts,Shorts
Crest Joggers,$38,Sweatpants,Pants
"Arrival 7"" Shorts",$26,Shorts,Shorts
Crest Shorts,$24,Shorts,Shorts
Arrival Shorts,$26,Shorts,Shorts
Arrival Shorts,$26,Shorts,Shorts
"Arrival 5"" Shorts",$26,Shorts,Shorts
"Arrival 5"" Shorts",$26,Shorts,Shorts
"Arrival 5"" Shorts",$26,Shorts,Shorts
Essential Oversized Joggers,$44,Sweatpants,Pants
"Arrival 7"" Shorts",$26,Shorts,Shorts
Essential Oversized T-Shirt,$26,T-shirt,Top
Power T-Shirt,$36,T-shirt,Top
"Arrival 5"" Shorts",$26,Shorts,Shorts
"Sport 7"" Shorts",$26.60,Shorts,Shorts
Crest Oversized Hoodie,$32.20,Hoodie,Outerwear
Vital Seamless T-Shirt,$30,T-shirt,Top
Legacy T-Shirt,$28,T-shirt,Top
React Drop Arm Tank,$24,Tank,Top
React Drop Arm Tank,$24,Tank,Top
Legacy T-Shirt,$28,T-shirt,Top
React Drop Arm Tank,$24,Tank,Top
React Stringer,$24,Tank,Top
"Sport 5"" Shorts",$38,Shorts,Shorts
Arrival Marl T-Shirt,$22,T-shirt,Top
Crest Joggers,$38,Sweatpants,Pants
Arrival Regular Fit T-Shirt,$22,T-shirt,Top
Crest T-Shirt,$22,T-shirt,Top
Rest Day Washed T-Shirt,$44,T-shirt,Top
Heritage Washed Hoodie,$64,Hoodie,Outerwear
Crest Oversized Hoodie,$46,Hoodie,Outerwear
Arrival Woven Joggers,$40,Sweatpants,Pants
Heritage Washed T-Shirt,$40,T-shirt,Top
"Lifting Club Mesh 5"" Shorts",$40,Shorts,Shorts
American Muscle Extreme Oversized T-Shirt,$40,T-shirt,Top
Crest Hoodie,$24,Hoodie,Outerwear
Crest T-Shirt,$22,T-shirt,Top
"Arrival 7"" Shorts",$26,Shorts,Shorts
Arrival Regular Fit T-Shirt,$22,T-shirt,Top
"Sport 7"" Shorts",$26.60,Shorts,Shorts
React Drop Arm Tank,$24,Tank,Top
Legacy T-Shirt,$28,T-shirt,Top
Pump Cover T-Shirt,$36,T-shirt,Top
Sport Shorts,$38,Shorts,Shorts
Studio Shorts,$42,Shorts,Shorts
Arrival T-Shirt,$22,T-shirt,Top
Boxer Brief3PK,$34,Underwear,Underwear
Arrival Marl T-Shirt,$22,T-shirt,Top
Crest Shorts,$24,Shorts,Shorts
Crest Hoodie,$40,Hoodie,Outerwear
Rest Day Essential Crew,$30,Crew,Outerwear
"Lifting Club Mesh 5"" Shorts",$40,Shorts,Shorts
Arrival T-Shirt T-Shirt,$22,T-shirt,Top
Crest Cargo Shorts,$30,Shorts,Shorts
Vital Seamless T-Shirt,$30,T-shirt,Top
React Drop Arm Tank,$24,Tank,Top
Sport Shorts,$38,Shorts,Shorts
Lightweight Jersey Shorts,$32,Shorts,Shorts
Arrival Shorts,$26,Shorts,Shorts
"Arrival 5"" Shorts",$26,Shorts,Shorts
Crest Shorts,$24,Shorts,Shorts
Crest Joggers,$38,Sweatpants,Pants
"Arrival 7"" Shorts",$26,Shorts,Shorts
Crest Shorts,$24,Shorts,Shorts
Arrival Shorts,$26,Shorts,Shorts
Arrival Shorts,$26,Shorts,Shorts
"Arrival 5"" Shorts",$26,Shorts,Shorts
"Arrival 5"" Shorts",$26,Shorts,Shorts
"Arrival 5"" Shorts",$26,Shorts,Shorts
Essential Oversized Joggers,$44,Sweatpants,Pants
"Arrival 7"" Shorts",$26,Shorts,Shorts
Essential Oversized T-Shirt,$26,T-shirt,Top
Power T-Shirt,$36,T-shirt,Top
"Arrival 5"" Shorts",$26,Shorts,Shorts
"Sport 7"" Shorts",$26.60,Shorts,Shorts
Crest Oversized Hoodie,$32.20,Hoodie,Outerwear
Vital Seamless T-Shirt,$30,T-shirt,Top
Legacy T-Shirt,$28,T-shirt,Top
React Drop Arm Tank,$24,Tank,Top
React Drop Arm Tank,$24,Tank,Top
Legacy T-Shirt,$28,T-shirt,Top
React Drop Arm Tank,$24,Tank,Top
React Stringer,$24,Tank,Top
"Sport 5"" Shorts",$38,Shorts,Shorts
Arrival Marl T-Shirt,$22,T-shirt,Top
Crest Joggers,$38,Sweatpants,Pants
Arrival Regular Fit T-Shirt,$22,T-shirt,Top
Crest T-Shirt,$22,T-shirt,Top
Rest Day Washed T-Shirt,$44,T-shirt,Top
Heritage Washed Hoodie,$64,Hoodie,Outerwear
Crest Oversized Hoodie,$46,Hoodie,Outerwear
Arrival Woven Joggers,$40,Sweatpants,Pants
Heritage Washed T-Shirt,$40,T-shirt,Top
"Lifting Club Mesh 5"" Shorts",$40,Shorts,Shorts
American Muscle Extreme Oversized T-Shirt,$40,T-shirt,Top
Crest Hoodie,$24,Hoodie,Outerwear
Crest T-Shirt,$22,T-shirt,Top
"Arrival 7"" Shorts",$26,Shorts,Shorts
Arrival Regular Fit T-Shirt,$22,T-shirt,Top
"Sport 7"" Shorts",$26.60,Shorts,Shorts
React Drop Arm Tank,$24,Tank,Top
Legacy T-Shirt,$28,T-shirt,Top
Pump Cover T-Shirt,$36,T-shirt,Top
Sport Shorts,$38,Shorts,Shorts
Studio Shorts,$42,Shorts,Shorts
Arrival T-Shirt,$22,T-shirt,Top
Boxer Brief3PK,$34,Underwear,Underwear
Arrival Marl T-Shirt,$22,T-shirt,Top
Crest Shorts,$24,Shorts,Shorts
Crest Hoodie,$40,Hoodie,Outerwear
Rest Day Essential Crew,$30,Crew,Outerwear
"Lifting Club Mesh 5"" Shorts",$40,Shorts,Shorts
Arrival T-Shirt T-Shirt,$22,T-shirt,Top
Crest Cargo Shorts,$30,Shorts,Shorts
Vital Seamless T-Shirt,$30,T-shirt,Top
React Drop Arm Tank,$24,Tank,Top
Sport Shorts,$38,Shorts,Shorts
Lightweight Jersey Shorts,$32,Shorts,Shorts
Arrival Shorts,$26,Shorts,Shorts
"Arrival 5"" Shorts",$26,Shorts,Shorts
Crest Shorts,$24,Shorts,Shorts
Crest Joggers,$38,Sweatpants,Pants
"Arrival 7"" Shorts",$26,Shorts,Shorts
Crest Shorts,$24,Shorts,Shorts
Arrival Shorts,$26,Shorts,Shorts
Arrival Shorts,$26,Shorts,Shorts
"Arrival 5"" Shorts",$26,Shorts,Shorts
"Arrival 5"" Shorts",$26,Shorts,Shorts
"Arrival 5"" Shorts",$26,Shorts,Shorts
Essential Oversized Joggers,$44,Sweatpants,Pants
"Arrival 7"" Shorts",$26,Shorts,Shorts
Essential Oversized T-Shirt,$26,T-shirt,Top
Power T-Shirt,$36,T-shirt,Top
"Arrival 5"" Shorts",$26,Shorts,Shorts
"Sport 7"" Shorts",$26.60,Shorts,Shorts
Crest Oversized Hoodie,$32.20,Hoodie,Outerwear
Vital Seamless T-Shirt,$30,T-shirt,Top
Legacy T-Shirt,$28,T-shirt,Top
React Drop Arm Tank,$24,Tank,Top
React Drop Arm Tank,$24,Tank,Top
Legacy T-Shirt,$28,T-shirt,Top
React Drop Arm Tank,$24,Tank,Top
React Stringer,$24,Tank,Top
"Sport 5"" Shorts",$38,Shorts,Shorts
Arrival Marl T-Shirt,$22,T-shirt,Top
Crest Joggers,$38,Sweatpants,Pants
Arrival Regular Fit T-Shirt,$22,T-shirt,Top
Crest T-Shirt,$22,T-shirt,Top
Rest Day Washed T-Shirt,$44,T-shirt,Top
Heritage Washed Hoodie,$64,Hoodie,Outerwear
Crest Oversized Hoodie,$46,Hoodie,Outerwear
Arrival Woven Joggers,$40,Sweatpants,Pants
Heritage Washed T-Shirt,$40,T-shirt,Top
"Lifting Club Mesh 5"" Shorts",$40,Shorts,Shorts
American Muscle Extreme Oversized T-Shirt,$40,T-shirt,Top
Crest Hoodie,$24,Hoodie,Outerwear
Crest T-Shirt,$22,T-shirt,Top
"Arrival 7"" Shorts",$26,Shorts,Shorts
Arrival Regular Fit T-Shirt,$22,T-shirt,Top
"Sport 7"" Shorts",$26.60,Shorts,Shorts
React Drop Arm Tank,$24,Tank,Top
Legacy T-Shirt,$28,T-shirt,Top
Pump Cover T-Shirt,$36,T-shirt,Top
Sport Shorts,$38,Shorts,Shorts
Studio Shorts,$42,Shorts,Shorts
Arrival T-Shirt,$22,T-shirt,Top
Boxer Brief3PK,$34,Underwear,Underwear
Arrival Marl T-Shirt,$22,T-shirt,Top
Crest Shorts,$24,Shorts,Shorts
Crest Hoodie,$40,Hoodie,Outerwear
Rest Day Essential Crew,$30,Crew,Outerwear
"Lifting Club Mesh 5"" Shorts",$40,Shorts,Shorts
Arrival T-Shirt T-Shirt,$22,T-shirt,Top
Crest Cargo Shorts,$30,Shorts,Shorts
Vital Seamless T-Shirt,$30,T-shirt,Top
React Drop Arm Tank,$24,Tank,Top
Sport Shorts,$38,Shorts,Shorts
Lightweight Jersey Shorts,$32,Shorts,Shorts
Arrival Shorts,$26,Shorts,Shorts
"Arrival 5"" Shorts",$26,Shorts,Shorts
Crest Shorts,$24,Shorts,Shorts
Crest Joggers,$38,Sweatpants,Pants
"Arrival 7"" Shorts",$26,Shorts,Shorts
Crest Shorts,$24,Shorts,Shorts
Arrival Shorts,$26,Shorts,Shorts
Arrival Shorts,$26,Shorts,Shorts
"Arrival 5"" Shorts",$26,Shorts,Shorts
"Arrival 5"" Shorts",$26,Shorts,Shorts
"Arrival 5"" Shorts",$26,Shorts,Shorts
Essential Oversized Joggers,$44,Sweatpants,Pants
"Arrival 7"" Shorts",$26,Shorts,Shorts
Essential Oversized T-Shirt,$26,T-shirt,Top
Power T-Shirt,$36,T-shirt,Top
"Arrival 5"" Shorts",$26,Shorts,Shorts
"Sport 7"" Shorts",$26.60,Shorts,Shorts
Crest Oversized Hoodie,$32.20,Hoodie,Outerwear
Vital Seamless T-Shirt,$30,T-shirt,Top
Legacy T-Shirt,$28,T-shirt,Top
React Drop Arm Tank,$24,Tank,Top
React Drop Arm Tank,$24,Tank,Top
Legacy T-Shirt,$28,T-shirt,Top
React Drop Arm Tank,$24,Tank,Top
React Stringer,$24,Tank,Top
"Sport 5"" Shorts",$38,Shorts,Shorts
Arrival Marl T-Shirt,$22,T-shirt,Top
Crest Joggers,$38,Sweatpants,Pants
Arrival Regular Fit T-Shirt,$22,T-shirt,Top
Crest T-Shirt,$22,T-shirt,Top
Rest Day Washed T-Shirt,$44,T-shirt,Top
Heritage Washed Hoodie,$64,Hoodie,Outerwear
Crest Oversized Hoodie,$46,Hoodie,Outerwear
Arrival Woven Joggers,$40,Sweatpants,Pants
Heritage Washed T-Shirt,$40,T-shirt,Top
"Lifting Club Mesh 5"" Shorts",$40,Shorts,Shorts
American Muscle Extreme Oversized T-Shirt,$40,T-shirt,Top
Crest Hoodie,$24,Hoodie,Outerwear
Crest T-Shirt,$22,T-shirt,Top
"Arrival 7"" Shorts",$26,Shorts,Shorts
Arrival Regular Fit T-Shirt,$22,T-shirt,Top
"Sport 7"" Shorts",$26.60,Shorts,Shorts
React Drop Arm Tank,$24,Tank,Top
Legacy T-Shirt,$28,T-shirt,Top
Pump Cover T-Shirt,$36,T-shirt,Top
Sport Shorts,$38,Shorts,Shorts
Studio Shorts,$42,Shorts,Shorts
Arrival T-Shirt,$22,T-shirt,Top
Boxer Brief3PK,$34,Underwear,Underwear
Arrival Marl T-Shirt,$22,T-shirt,Top
Crest Shorts,$24,Shorts,Shorts
Crest Hoodie,$40,Hoodie,Outerwear
Rest Day Essential Crew,$30,Crew,Outerwear
"Lifting Club Mesh 5"" Shorts",$40,Shorts,Shorts
Arrival T-Shirt T-Shirt,$22,T-shirt,Top
Crest Cargo Shorts,$30,Shorts,Shorts
Vital Seamless T-Shirt,$30,T-shirt,Top
React Drop Arm Tank,$24,Tank,Top
Sport Shorts,$38,Shorts,Shorts
Lightweight Jersey Shorts,$32,Shorts,Shorts
Arrival Shorts,$26,Shorts,Shorts
"Arrival 5"" Shorts",$26,Shorts,Shorts
Crest Shorts,$24,Shorts,Shorts
Crest Joggers,$38,Sweatpants,Pants
"Arrival 7"" Shorts",$26,Shorts,Shorts
Crest Shorts,$24,Shorts,Shorts
Arrival Shorts,$26,Shorts,Shorts
Arrival Shorts,$26,Shorts,Shorts
"Arrival 5"" Shorts",$26,Shorts,Shorts
"Arrival 5"" Shorts",$26,Shorts,Shorts
"Arrival 5"" Shorts",$26,Shorts,Shorts
Essential Oversized Joggers,$44,Sweatpants,Pants
"Arrival 7"" Shorts",$26,Shorts,Shorts
Essential Oversized T-Shirt,$26,T-shirt,Top
Power T-Shirt,$36,T-shirt,Top
"Arrival 5"" Shorts",$26,Shorts,Shorts
"Sport 7"" Shorts",$26.60,Shorts,Shorts
Crest Oversized Hoodie,$32.20,Hoodie,Outerwear
Vital Seamless T-Shirt,$30,T-shirt,Top
Legacy T-Shirt,$28,T-shirt,Top
React Drop Arm Tank,$24,Tank,Top
React Drop Arm Tank,$24,Tank,Top
Legacy T-Shirt,$28,T-shirt,Top
React Drop Arm Tank,$24,Tank,Top
React Stringer,$24,Tank,Top
"Sport 5"" Shorts",$38,Shorts,Shorts
Arrival Marl T-Shirt,$22,T-shirt,Top
Crest Joggers,$38,Sweatpants,Pants
Arrival Regular Fit T-Shirt,$22,T-shirt,Top
Crest T-Shirt,$22,T-shirt,Top
Rest Day Washed T-Shirt,$44,T-shirt,Top
Heritage Washed Hoodie,$64,Hoodie,Outerwear
Crest Oversized Hoodie,$46,Hoodie,Outerwear
Arrival Woven Joggers,$40,Sweatpants,Pants
Heritage Washed T-Shirt,$40,T-shirt,Top
"Lifting Club Mesh 5"" Shorts",$40,Shorts,Shorts
American Muscle Extreme Oversized T-Shirt,$40,T-shirt,Top
Crest Hoodie,$24,Hoodie,Outerwear
Crest T-Shirt,$22,T-shirt,Top
"Arrival 7"" Shorts",$26,Shorts,Shorts
Arrival Regular Fit T-Shirt,$22,T-shirt,Top
"Sport 7"" Shorts",$26.60,Shorts,Shorts
React Drop Arm Tank,$24,Tank,Top
Legacy T-Shirt,$28,T-shirt,Top
Pump Cover T-Shirt,$36,T-shirt,Top
Sport Shorts,$38,Shorts,Shorts
Studio Shorts,$42,Shorts,Shorts
Arrival T-Shirt,$22,T-shirt,Top
Boxer Brief3PK,$34,Underwear,Underwear
Arrival Marl T-Shirt,$22,T-shirt,Top
Crest Shorts,$24,Shorts,Shorts
Crest Hoodie,$40,Hoodie,Outerwear
Rest Day Essential Crew,$30,Crew,Outerwear
"Lifting Club Mesh 5"" Shorts",$40,Shorts,Shorts
Arrival T-Shirt T-Shirt,$22,T-shirt,Top
Crest Cargo Shorts,$30,Shorts,Shorts
Vital Seamless T-Shirt,$30,T-shirt,Top
React Drop Arm Tank,$24,Tank,Top
Sport Shorts,$38,Shorts,Shorts
Lightweight Jersey Shorts,$32,Shorts,Shorts
Arrival Shorts,$26,Shorts,Shorts
"Arrival 5"" Shorts",$26,Shorts,Shorts
Crest Shorts,$24,Shorts,Shorts
Crest Joggers,$38,Sweatpants,Pants
"Arrival 7"" Shorts",$26,Shorts,Shorts
Crest Shorts,$24,Shorts,Shorts
Arrival Shorts,$26,Shorts,Shorts
Arrival Shorts,$26,Shorts,Shorts
"Arrival 5"" Shorts",$26,Shorts,Shorts
"Arrival 5"" Shorts",$26,Shorts,Shorts
"Arrival 5"" Shorts",$26,Shorts,Shorts
Essential Oversized Joggers,$44,Sweatpants,Pants
"Arrival 7"" Shorts",$26,Shorts,Shorts
Essential Oversized T-Shirt,$26,T-shirt,Top
Power T-Shirt,$36,T-shirt,Top
"Arrival 5"" Shorts",$26,Shorts,Shorts
"Sport 7"" Shorts",$26.60,Shorts,Shorts
Crest Oversized Hoodie,$32.20,Hoodie,Outerwear
Vital Seamless T-Shirt,$30,T-shirt,Top
Legacy T-Shirt,$28,T-shirt,Top
React Drop Arm Tank,$24,Tank,Top
React Drop Arm Tank,$24,Tank,Top
Legacy T-Shirt,$28,T-shirt,Top
React Drop Arm Tank,$24,Tank,Top
React Stringer,$24,Tank,Top
"Sport 5"" Shorts",$38,Shorts,Shorts
Arrival Marl T-Shirt,$22,T-shirt,Top
Crest Joggers,$38,Sweatpants,Pants
Arrival Regular Fit T-Shirt,$22,T-shirt,Top
Crest T-Shirt,$22,T-shirt,Top
Rest Day Washed T-Shirt,$44,T-shirt,Top
Heritage Washed Hoodie,$64,Hoodie,Outerwear
Crest Oversized Hoodie,$46,Hoodie,Outerwear
Arrival Woven Joggers,$40,Sweatpants,Pants
Heritage Washed T-Shirt,$40,T-shirt,Top
"Lifting Club Mesh 5"" Shorts",$40,Shorts,Shorts
American Muscle Extreme Oversized T-Shirt,$40,T-shirt,Top
Crest Hoodie,$24,Hoodie,Outerwear
Crest T-Shirt,$22,T-shirt,Top
"Arrival 7"" Shorts",$26,Shorts,Shorts
Arrival Regular Fit T-Shirt,$22,T-shirt,Top
"Sport 7"" Shorts",$26.60,Shorts,Shorts
React Drop Arm Tank,$24,Tank,Top
Legacy T-Shirt,$28,T-shirt,Top
Pump Cover T-Shirt,$36,T-shirt,Top
Sport Shorts,$38,Shorts,Shorts
Studio Shorts,$42,Shorts,Shorts
Arrival T-Shirt,$22,T-shirt,Top
Boxer Brief3PK,$34,Underwear,Underwear
Arrival Marl T-Shirt,$22,T-shirt,Top
Crest Shorts,$24,Shorts,Shorts
Crest Hoodie,$40,Hoodie,Outerwear
Rest Day Essential Crew,$30,Crew,Outerwear
"Lifting Club Mesh 5"" Shorts",$40,Shorts,Shorts
Arrival T-Shirt T-Shirt,$22,T-shirt,Top
Crest Cargo Shorts,$30,Shorts,Shorts
Vital Seamless T-Shirt,$30,T-shirt,Top
React Drop Arm Tank,$24,Tank,Top
Sport Shorts,$38,Shorts,Shorts
Lightweight Jersey Shorts,$32,Shorts,Shorts
Arrival Shorts,$26,Shorts,Shorts
"Arrival 5"" Shorts",$26,Shorts,Shorts
Crest Shorts,$24,Shorts,Shorts
Crest Joggers,$38,Sweatpants,Pants
"Arrival 7"" Shorts",$26,Shorts,Shorts
Crest Shorts,$24,Shorts,Shorts
Arrival Shorts,$26,Shorts,Shorts
Arrival Shorts,$26,Shorts,Shorts
"Arrival 5"" Shorts",$26,Shorts,Shorts
"Arrival 5"" Shorts",$26,Shorts,Shorts
"Arrival 5"" Shorts",$26,Shorts,Shorts
Essential Oversized Joggers,$44,Sweatpants,Pants
"Arrival 7"" Shorts",$26,Shorts,Shorts
Essential Oversized T-Shirt,$26,T-shirt,Top
Power T-Shirt,$36,T-shirt,Top
"Arrival 5"" Shorts",$26,Shorts,Shorts
"Sport 7"" Shorts",$26.60,Shorts,Shorts
Crest Oversized Hoodie,$32.20,Hoodie,Outerwear
Vital Seamless T-Shirt,$30,T-shirt,Top
Legacy T-Shirt,$28,T-shirt,Top
React Drop Arm Tank,$24,Tank,Top
React Drop Arm Tank,$24,Tank,Top
Legacy T-Shirt,$28,T-shirt,Top
React Drop Arm Tank,$24,Tank,Top
React Stringer,$24,Tank,Top
"Sport 5"" Shorts",$38,Shorts,Shorts
Arrival Marl T-Shirt,$22,T-shirt,Top
Crest Joggers,$38,Sweatpants,Pants
Arrival Regular Fit T-Shirt,$22,T-shirt,Top
Crest T-Shirt,$22,T-shirt,Top
Rest Day Washed T-Shirt,$44,T-shirt,Top
Heritage Washed Hoodie,$64,Hoodie,Outerwear
Crest Oversized Hoodie,$46,Hoodie,Outerwear
Arrival Woven Joggers,$40,Sweatpants,Pants
Heritage Washed T-Shirt,$40,T-shirt,Top
"Lifting Club Mesh 5"" Shorts",$40,Shorts,Shorts
American Muscle Extreme Oversized T-Shirt,$40,T-shirt,Top
Crest Hoodie,$24,Hoodie,Outerwear
Crest T-Shirt,$22,T-shirt,Top
"Arrival 7"" Shorts",$26,Shorts,Shorts
Arrival Regular Fit T-Shirt,$22,T-shirt,Top
"Sport 7"" Shorts",$26.60,Shorts,Shorts
React Drop Arm Tank,$24,Tank,Top
Legacy T-Shirt,$28,T-shirt,Top
Pump Cover T-Shirt,$36,T-shirt,Top
Sport Shorts,$38,Shorts,Shorts
Studio Shorts,$42,Shorts,Shorts
Arrival T-Shirt,$22,T-shirt,Top
Boxer Brief3PK,$34,Underwear,Underwear
Arrival Marl T-Shirt,$22,T-shirt,Top
Crest Shorts,$24,Shorts,Shorts
Crest Hoodie,$40,Hoodie,Outerwear
Rest Day Essential Crew,$30,Crew,Outerwear
"Lifting Club Mesh 5"" Shorts",$40,Shorts,Shorts
Arrival T-Shirt T-Shirt,$22,T-shirt,Top
Crest Cargo Shorts,$30,Shorts,Shorts
Vital Seamless T-Shirt,$30,T-shirt,Top
React Drop Arm Tank,$24,Tank,Top
Sport Shorts,$38,Shorts,Shorts
Lightweight Jersey Shorts,$32,Shorts,Shorts
Arrival Shorts,$26,Shorts,Shorts
"Arrival 5"" Shorts",$26,Shorts,Shorts
Crest Shorts,$24,Shorts,Shorts
Crest Joggers,$38,Sweatpants,Pants
"Arrival 7"" Shorts",$26,Shorts,Shorts
Crest Shorts,$24,Shorts,Shorts
Arrival Shorts,$26,Shorts,Shorts
Arrival Shorts,$26,Shorts,Shorts
"Arrival 5"" Shorts",$26,Shorts,Shorts
"Arrival 5"" Shorts",$26,Shorts,Shorts
"Arrival 5"" Shorts",$26,Shorts,Shorts
Essential Oversized Joggers,$44,Sweatpants,Pants
"Arrival 7"" Shorts",$26,Shorts,Shorts
Essential Oversized T-Shirt,$26,T-shirt,Top
Power T-Shirt,$36,T-shirt,Top
"Arrival 5"" Shorts",$26,Shorts,Shorts
"Sport 7"" Shorts",$26.60,Shorts,Shorts
Crest Oversized Hoodie,$32.20,Hoodie,Outerwear
Vital Seamless T-Shirt,$30,T-shirt,Top
Legacy T-Shirt,$28,T-shirt,Top
React Drop Arm Tank,$24,Tank,Top
React Drop Arm Tank,$24,Tank,Top
Legacy T-Shirt,$28,T-shirt,Top
React Drop Arm Tank,$24,Tank,Top
React Stringer,$24,Tank,Top
"Sport 5"" Shorts",$38,Shorts,Shorts
Arrival Marl T-Shirt,$22,T-shirt,Top
Crest Joggers,$38,Sweatpants,Pants
Arrival Regular Fit T-Shirt,$22,T-shirt,Top
Crest T-Shirt,$22,T-shirt,Top
Rest Day Washed T-Shirt,$44,T-shirt,Top
Heritage Washed Hoodie,$64,Hoodie,Outerwear
Crest Oversized Hoodie,$46,Hoodie,Outerwear
Arrival Woven Joggers,$40,Sweatpants,Pants
Heritage Washed T-Shirt,$40,T-shirt,Top
"Lifting Club Mesh 5"" Shorts",$40,Shorts,Shorts
American Muscle Extreme Oversized T-Shirt,$40,T-shirt,Top
Crest Hoodie,$24,Hoodie,Outerwear
Crest T-Shirt,$22,T-shirt,Top
"Arrival 7"" Shorts",$26,Shorts,Shorts
Arrival Regular Fit T-Shirt,$22,T-shirt,Top
"Sport 7"" Shorts",$26.60,Shorts,Shorts
React Drop Arm Tank,$24,Tank,Top
Legacy T-Shirt,$28,T-shirt,Top
Pump Cover T-Shirt,$36,T-shirt,Top
Sport Shorts,$38,Shorts,Shorts
Studio Shorts,$42,Shorts,Shorts
Arrival T-Shirt,$22,T-shirt,Top
Boxer Brief3PK,$34,Underwear,Underwear
Arrival Marl T-Shirt,$22,T-shirt,Top
Crest Shorts,$24,Shorts,Shorts
Crest Hoodie,$40,Hoodie,Outerwear
Rest Day Essential Crew,$30,Crew,Outerwear
"Lifting Club Mesh 5"" Shorts",$40,Shorts,Shorts
Arrival T-Shirt T-Shirt,$22,T-shirt,Top
Crest Cargo Shorts,$30,Shorts,Shorts
Vital Seamless T-Shirt,$30,T-shirt,Top
React Drop Arm Tank,$24,Tank,Top
Sport Shorts,$38,Shorts,Shorts
Lightweight Jersey Shorts,$32,Shorts,Shorts
Arrival Shorts,$26,Shorts,Shorts
"Arrival 5"" Shorts",$26,Shorts,Shorts
Crest Shorts,$24,Shorts,Shorts
Crest Joggers,$38,Sweatpants,Pants
"Arrival 7"" Shorts",$26,Shorts,Shorts
Crest Shorts,$24,Shorts,Shorts
Arrival Shorts,$26,Shorts,Shorts
Arrival Shorts,$26,Shorts,Shorts
"Arrival 5"" Shorts",$26,Shorts,Shorts
"Arrival 5"" Shorts",$26,Shorts,Shorts
"Arrival 5"" Shorts",$26,Shorts,Shorts
Essential Oversized Joggers,$44,Sweatpants,Pants
"Arrival 7"" Shorts",$26,Shorts,Shorts
Essential Oversized T-Shirt,$26,T-shirt,Top
Power T-Shirt,$36,T-shirt,Top
"Arrival 5"" Shorts",$26,Shorts,Shorts
"Sport 7"" Shorts",$26.60,Shorts,Shorts
Crest Oversized Hoodie,$32.20,Hoodie,Outerwear
Vital Seamless T-Shirt,$30,T-shirt,Top
Legacy T-Shirt,$28,T-shirt,Top
React Drop Arm Tank,$24,Tank,Top
React Drop Arm Tank,$24,Tank,Top
Legacy T-Shirt,$28,T-shirt,Top
React Drop Arm Tank,$24,Tank,Top
React Stringer,$24,Tank,Top
"Sport 5"" Shorts",$38,Shorts,Shorts
Arrival Marl T-Shirt,$22,T-shirt,Top
Crest Joggers,$38,Sweatpants,Pants
Arrival Regular Fit T-Shirt,$22,T-shirt,Top
Crest T-Shirt,$22,T-shirt,Top
Rest Day Washed T-Shirt,$44,T-shirt,Top
Heritage Washed Hoodie,$64,Hoodie,Outerwear
Crest Oversized Hoodie,$46,Hoodie,Outerwear
Arrival Woven Joggers,$40,Sweatpants,Pants
Heritage Washed T-Shirt,$40,T-shirt,Top
"Lifting Club Mesh 5"" Shorts",$40,Shorts,Shorts
American Muscle Extreme Oversized T-Shirt,$40,T-shirt,Top
Crest Hoodie,$24,Hoodie,Outerwear
Crest T-Shirt,$22,T-shirt,Top
"Arrival 7"" Shorts",$26,Shorts,Shorts
Arrival Regular Fit T-Shirt,$22,T-shirt,Top
"Sport 7"" Shorts",$26.60,Shorts,Shorts
React Drop Arm Tank,$24,Tank,Top
Legacy T-Shirt,$28,T-shirt,Top
Pump Cover T-Shirt,$36,T-shirt,Top
Sport Shorts,$38,Shorts,Shorts
Studio Shorts,$42,Shorts,Shorts
Arrival T-Shirt,$22,T-shirt,Top
Boxer Brief3PK,$34,Underwear,Underwear
Arrival Marl T-Shirt,$22,T-shirt,Top
Crest Shorts,$24,Shorts,Shorts
Crest Hoodie,$40,Hoodie,Outerwear
Rest Day Essential Crew,$30,Crew,Outerwear
"Lifting Club Mesh 5"" Shorts",$40,Shorts,Shorts
Arrival T-Shirt T-Shirt,$22,T-shirt,Top
Crest Cargo Shorts,$30,Shorts,Shorts
Vital Seamless T-Shirt,$30,T-shirt,Top
React Drop Arm Tank,$24,Tank,Top
Sport Shorts,$38,Shorts,Shorts
Lightweight Jersey Shorts,$32,Shorts,Shorts
Arrival Shorts,$26,Shorts,Shorts
"Arrival 5"" Shorts",$26,Shorts,Shorts
Crest Shorts,$24,Shorts,Shorts
Crest Joggers,$38,Sweatpants,Pants
"Arrival 7"" Shorts",$26,Shorts,Shorts
Crest Shorts,$24,Shorts,Shorts
Arrival Shorts,$26,Shorts,Shorts
Arrival Shorts,$26,Shorts,Shorts
"Arrival 5"" Shorts",$26,Shorts,Shorts
"Arrival 5"" Shorts",$26,Shorts,Shorts
"Arrival 5"" Shorts",$26,Shorts,Shorts
Essential Oversized Joggers,$44,Sweatpants,Pants
"Arrival 7"" Shorts",$26,Shorts,Shorts
Essential Oversized T-Shirt,$26,T-shirt,Top
Power T-Shirt,$36,T-shirt,Top
"Arrival 5"" Shorts",$26,Shorts,Shorts
"Sport 7"" Shorts",$26.60,Shorts,Shorts
Crest Oversized Hoodie,$32.20,Hoodie,Outerwear
Vital Seamless T-Shirt,$30,T-shirt,Top
Legacy T-Shirt,$28,T-shirt,Top
React Drop Arm Tank,$24,Tank,Top
React Drop Arm Tank,$24,Tank,Top
Legacy T-Shirt,$28,T-shirt,Top
React Drop Arm Tank,$24,Tank,Top
React Stringer,$24,Tank,Top
"Sport 5"" Shorts",$38,Shorts,Shorts
Arrival Marl T-Shirt,$22,T-shirt,Top
Crest Joggers,$38,Sweatpants,Pants
Arrival Regular Fit T-Shirt,$22,T-shirt,Top
Crest T-Shirt,$22,T-shirt,Top
Rest Day Washed T-Shirt,$44,T-shirt,Top
Heritage Washed Hoodie,$64,Hoodie,Outerwear
Crest Oversized Hoodie,$46,Hoodie,Outerwear
Arrival Woven Joggers,$40,Sweatpants,Pants
Heritage Washed T-Shirt,$40,T-shirt,Top
"Lifting Club Mesh 5"" Shorts",$40,Shorts,Shorts
American Muscle Extreme Oversized T-Shirt,$40,T-shirt,Top
Crest Hoodie,$24,Hoodie,Outerwear
Crest T-Shirt,$22,T-shirt,Top
"Arrival 7"" Shorts",$26,Shorts,Shorts
Arrival Regular Fit T-Shirt,$22,T-shirt,Top
"Sport 7"" Shorts",$26.60,Shorts,Shorts
React Drop Arm Tank,$24,Tank,Top
Legacy T-Shirt,$28,T-shirt,Top
Pump Cover T-Shirt,$36,T-shirt,Top
Sport Shorts,$38,Shorts,Shorts
Studio Shorts,$42,Shorts,Shorts
Arrival T-Shirt,$22,T-shirt,Top
Boxer Brief3PK,$34,Underwear,Underwear
Arrival Marl T-Shirt,$22,T-shirt,Top
Crest Shorts,$24,Shorts,Shorts
Crest Hoodie,$40,Hoodie,Outerwear
Rest Day Essential Crew,$30,Crew,Outerwear
"Lifting Club Mesh 5"" Shorts",$40,Shorts,Shorts
Arrival T-Shirt T-Shirt,$22,T-shirt,Top
Crest Cargo Shorts,$30,Shorts,Shorts
Vital Seamless T-Shirt,$30,T-shirt,Top
React Drop Arm Tank,$24,Tank,Top
Sport Shorts,$38,Shorts,Shorts
Lightweight Jersey Shorts,$32,Shorts,Shorts
Arrival Shorts,$26,Shorts,Shorts
"Arrival 5"" Shorts",$26,Shorts,Shorts
Crest Shorts,$24,Shorts,Shorts
Crest Joggers,$38,Sweatpants,Pants
"Arrival 7"" Shorts",$26,Shorts,Shorts
Crest Shorts,$24,Shorts,Shorts
Arrival Shorts,$26,Shorts,Shorts
Arrival Shorts,$26,Shorts,Shorts
"Arrival 5"" Shorts",$26,Shorts,Shorts
"Arrival 5"" Shorts",$26,Shorts,Shorts
"Arrival 5"" Shorts",$26,Shorts,Shorts
Essential Oversized Joggers,$44,Sweatpants,Pants
"Arrival 7"" Shorts",$26,Shorts,Shorts
Essential Oversized T-Shirt,$26,T-shirt,Top
Power T-Shirt,$36,T-shirt,Top
"Arrival 5"" Shorts",$26,Shorts,Shorts
"Sport 7"" Shorts",$26.60,Shorts,Shorts
Crest Oversized Hoodie,$32.20,Hoodie,Outerwear
Vital Seamless T-Shirt,$30,T-shirt,Top
Legacy T-Shirt,$28,T-shirt,Top
React Drop Arm Tank,$24,Tank,Top
React Drop Arm Tank,$24,Tank,Top
Legacy T-Shirt,$28,T-shirt,Top
React Drop Arm Tank,$24,Tank,Top
React Stringer,$24,Tank,Top
"Sport 5"" Shorts",$38,Shorts,Shorts
Arrival Marl T-Shirt,$22,T-shirt,Top
Crest Joggers,$38,Sweatpants,Pants
Arrival Regular Fit T-Shirt,$22,T-shirt,Top
Crest T-Shirt,$22,T-shirt,Top
Rest Day Washed T-Shirt,$44,T-shirt,Top
Heritage Washed Hoodie,$64,Hoodie,Outerwear
Crest Oversized Hoodie,$46,Hoodie,Outerwear
Arrival Woven Joggers,$40,Sweatpants,Pants
Heritage Washed T-Shirt,$40,T-shirt,Top
"Lifting Club Mesh 5"" Shorts",$40,Shorts,Shorts
American Muscle Extreme Oversized T-Shirt,$40,T-shirt,Top
Crest Hoodie,$24,Hoodie,Outerwear
Crest T-Shirt,$22,T-shirt,Top
"Arrival 7"" Shorts",$26,Shorts,Shorts
Arrival Regular Fit T-Shirt,$22,T-shirt,Top
"Sport 7"" Shorts",$26.60,Shorts,Shorts
React Drop Arm Tank,$24,Tank,Top
Legacy T-Shirt,$28,T-shirt,Top
Pump Cover T-Shirt,$36,T-shirt,Top
Sport Shorts,$38,Shorts,Shorts
Studio Shorts,$42,Shorts,Shorts
Arrival T-Shirt,$22,T-shirt,Top
Boxer Brief3PK,$34,Underwear,Underwear
Arrival Marl T-Shirt,$22,T-shirt,Top
Crest Shorts,$24,Shorts,Shorts
Crest Hoodie,$40,Hoodie,Outerwear
Rest Day Essential Crew,$30,Crew,Outerwear
"Lifting Club Mesh 5"" Shorts",$40,Shorts,Shorts
Arrival T-Shirt T-Shirt,$22,T-shirt,Top
Crest Cargo Shorts,$30,Shorts,Shorts
