,Product,Price
1,Silicone Grip Lifting Straps,$16
2,Vital Seamless 2.0 Leggings,$54
3,Crew Socks 3pk,$16
4,Crew Socks 5pk,$26
5,Strong Girl Lifting Club Oversized Graphic Crew,$42
6,Everyday Seamless Leggings,$38
7,Everyday Seamless Shorts,$28
8,Everyday Seamless Shorts,$28
9,Everyday Seamless Shorts,$28
10,Everyday Seamless Shorts,$28
11,Everyday Seamless Leggings,$38
12,Everyday Seamless Leggings,$38
13,Minimal Sports Bra,$30
14,Woven Pocket Shorts,$26.60
15,Everyday Seamless Sports Bra,$26
16,Sharkhead Backpack,$36
17,Vital Seamless 2.0 V Neck Sports Bra,$38
18,Crew Socks 3pk,$16
19,Small Everyday Gym Bag,$46
20,Crew Socks 5pk,$26
21,Sharkhead Cap,$26
22,Strength Department Graphic Top,$40
23,Vital Seamless Leggings,$54
24,Vital Seamless Leggings,$54
25,Vital Seamless Shorts,$40
26,Glute Boost Seamless Shorts,$48
27,Strong Girl Lifting Club Graphic T-Shirt,$34
28,Strong Girl Lifting Club Graphic T-Shirt,$34
29,Ruched Sports Bra,$30
30,Everyday Seamless Zip Tracktop,$48
31,Ruched Sports Bra,$30
32,GS Power Oversized T-Shirt,$36
33,GS Power Joggers,$56
34,Cut Out Bandeau,$30
35,Everyday Seamless Sports Bra,$26
36,Everyday Seamless Sports Bra,$26
37,Everyday Seamless Sports Bra,$26
38,Everyday Seamless Long Sleeve Crop Top,$28
39,Training Fleece Joggers,$42
40,Contour Heart Seamless Shorts,$44
41,Contour Heart Seamless Leggings,$60
42,Strength Department Graphic T-Shirt,$40
43,Strength Department Graphic T-Shirt,$40
44,Ruched Sports Bra,$30
45,Adapt Fleck Seamless Shorts,$44
46,Peek A Boo Sports Bra,$30
47,Ruched Sports Bra,$30
48,Vital Seamless 2.0 Shorts,$40
49,Everyday Sports Bra,$30
50,Elevate Leggings,$44.80
51,Flex Sports Long Sleeve Crop Top,$28
52,Ruched Strappy Sports Bra,$30
53,Flex High Waisted Leggings,$50
54,Minimal Sports Bra,$30
55,Ruched Sports Bra,$30
56,Elevate Cycling Shorts,$19.20
57,Contour Heart Seamless Tank,$48
58,Sleek Backpack,$62
59,Training Department Graphic Oversized Joggers,$30
60,Everyday Seamless Crop Tank,$24
61,Silicone Grip Lifting Straps,$16
62,Vital Seamless 2.0 Leggings,$54
63,Crew Socks 3pk,$16
64,Crew Socks 5pk,$26
65,Strong Girl Lifting Club Oversized Graphic Crew,$42
66,Everyday Seamless Leggings,$38
67,Everyday Seamless Shorts,$28
68,Everyday Seamless Shorts,$28
69,Everyday Seamless Shorts,$28
70,Everyday Seamless Shorts,$28
71,Everyday Seamless Leggings,$38
72,Everyday Seamless Leggings,$38
73,Minimal Sports Bra,$30
74,Woven Pocket Shorts,$26.60
75,Everyday Seamless Sports Bra,$26
76,Sharkhead Backpack,$36
77,Vital Seamless 2.0 V Neck Sports Bra,$38
78,Crew Socks 3pk,$16
79,Small Everyday Gym Bag,$46
80,Crew Socks 5pk,$26
81,Sharkhead Cap,$26
82,Strength Department Graphic Top,$40
83,Vital Seamless Leggings,$54
84,Vital Seamless Leggings,$54
85,Vital Seamless Shorts,$40
86,Glute Boost Seamless Shorts,$48
87,Strong Girl Lifting Club Graphic T-Shirt,$34
88,Strong Girl Lifting Club Graphic T-Shirt,$34
89,Ruched Sports Bra,$30
90,Everyday Seamless Zip Tracktop,$48
91,Ruched Sports Bra,$30
92,GS Power Oversized T-Shirt,$36
93,GS Power Joggers,$56
94,Cut Out Bandeau,$30
95,Everyday Seamless Sports Bra,$26
96,Everyday Seamless Sports Bra,$26
97,Everyday Seamless Sports Bra,$26
98,Everyday Seamless Long Sleeve Crop Top,$28
99,Training Fleece Joggers,$42
100,Contour Heart Seamless Shorts,$44
101,Contour Heart Seamless Leggings,$60
102,Strength Department Graphic T-Shirt,$40
103,Strength Department Graphic T-Shirt,$40
104,Ruched Sports Bra,$30
105,Adapt Fleck Seamless Shorts,$44
106,Peek A Boo Sports Bra,$30
107,Ruched Sports Bra,$30
108,Vital Seamless 2.0 Shorts,$40
109,Everyday Sports Bra,$30
110,Elevate Leggings,$44.80
111,Flex Sports Long Sleeve Crop Top,$28
112,Ruched Strappy Sports Bra,$30
113,Flex High Waisted Leggings,$50
114,Minimal Sports Bra,$30
115,Ruched Sports Bra,$30
116,Elevate Cycling Shorts,$19.20
117,Contour Heart Seamless Tank,$48
118,Sleek Backpack,$62
119,Training Department Graphic Oversized Joggers,$30
120,Everyday Seamless Crop Tank,$24
121,Silicone Grip Lifting Straps,$16
122,Vital Seamless 2.0 Leggings,$54
123,Crew Socks 3pk,$16
124,Crew Socks 5pk,$26
125,Strong Girl Lifting Club Oversized Graphic Crew,$42
126,Everyday Seamless Leggings,$38
127,Everyday Seamless Shorts,$28
128,Everyday Seamless Shorts,$28
129,Everyday Seamless Shorts,$28
130,Everyday Seamless Shorts,$28
131,Everyday Seamless Leggings,$38
132,Everyday Seamless Leggings,$38
133,Minimal Sports Bra,$30
134,Woven Pocket Shorts,$26.60
135,Everyday Seamless Sports Bra,$26
136,Sharkhead Backpack,$36
137,Vital Seamless 2.0 V Neck Sports Bra,$38
138,Crew Socks 3pk,$16
139,Small Everyday Gym Bag,$46
140,Crew Socks 5pk,$26
141,Sharkhead Cap,$26
142,Strength Department Graphic Top,$40
143,Vital Seamless Leggings,$54
144,Vital Seamless Leggings,$54
145,Vital Seamless Shorts,$40
146,Glute Boost Seamless Shorts,$48
147,Strong Girl Lifting Club Graphic T-Shirt,$34
148,Strong Girl Lifting Club Graphic T-Shirt,$34
149,Ruched Sports Bra,$30
150,Everyday Seamless Zip Tracktop,$48
151,Ruched Sports Bra,$30
152,GS Power Oversized T-Shirt,$36
153,GS Power Joggers,$56
154,Cut Out Bandeau,$30
155,Everyday Seamless Sports Bra,$26
156,Everyday Seamless Sports Bra,$26
157,Everyday Seamless Sports Bra,$26
158,Everyday Seamless Long Sleeve Crop Top,$28
159,Training Fleece Joggers,$42
160,Contour Heart Seamless Shorts,$44
161,Contour Heart Seamless Leggings,$60
162,Strength Department Graphic T-Shirt,$40
163,Strength Department Graphic T-Shirt,$40
164,Ruched Sports Bra,$30
165,Adapt Fleck Seamless Shorts,$44
166,Peek A Boo Sports Bra,$30
167,Ruched Sports Bra,$30
168,Vital Seamless 2.0 Shorts,$40
169,Everyday Sports Bra,$30
170,Elevate Leggings,$44.80
171,Flex Sports Long Sleeve Crop Top,$28
172,Ruched Strappy Sports Bra,$30
173,Flex High Waisted Leggings,$50
174,Minimal Sports Bra,$30
175,Ruched Sports Bra,$30
176,Elevate Cycling Shorts,$19.20
177,Contour Heart Seamless Tank,$48
178,Sleek Backpack,$62
179,Training Department Graphic Oversized Joggers,$30
180,Everyday Seamless Crop Tank,$24
181,Silicone Grip Lifting Straps,$16
182,Vital Seamless 2.0 Leggings,$54
183,Crew Socks 3pk,$16
184,Crew Socks 5pk,$26
185,Strong Girl Lifting Club Oversized Graphic Crew,$42
186,Everyday Seamless Leggings,$38
187,Everyday Seamless Shorts,$28
188,Everyday Seamless Shorts,$28
189,Everyday Seamless Shorts,$28
190,Everyday Seamless Shorts,$28
191,Everyday Seamless Leggings,$38
192,Everyday Seamless Leggings,$38
193,Minimal Sports Bra,$30
194,Woven Pocket Shorts,$26.60
195,Everyday Seamless Sports Bra,$26
196,Sharkhead Backpack,$36
197,Vital Seamless 2.0 V Neck Sports Bra,$38
198,Crew Socks 3pk,$16
199,Small Everyday Gym Bag,$46
200,Crew Socks 5pk,$26
201,Sharkhead Cap,$26
202,Strength Department Graphic Top,$40
203,Vital Seamless Leggings,$54
204,Vital Seamless Leggings,$54
205,Vital Seamless Shorts,$40
206,Glute Boost Seamless Shorts,$48
207,Strong Girl Lifting Club Graphic T-Shirt,$34
208,Strong Girl Lifting Club Graphic T-Shirt,$34
209,Ruched Sports Bra,$30
210,Everyday Seamless Zip Tracktop,$48
211,Ruched Sports Bra,$30
212,GS Power Oversized T-Shirt,$36
213,GS Power Joggers,$56
214,Cut Out Bandeau,$30
215,Everyday Seamless Sports Bra,$26
216,Everyday Seamless Sports Bra,$26
217,Everyday Seamless Sports Bra,$26
218,Everyday Seamless Long Sleeve Crop Top,$28
219,Training Fleece Joggers,$42
220,Contour Heart Seamless Shorts,$44
221,Contour Heart Seamless Leggings,$60
222,Strength Department Graphic T-Shirt,$40
223,Strength Department Graphic T-Shirt,$40
224,Ruched Sports Bra,$30
225,Adapt Fleck Seamless Shorts,$44
226,Peek A Boo Sports Bra,$30
227,Ruched Sports Bra,$30
228,Vital Seamless 2.0 Shorts,$40
229,Everyday Sports Bra,$30
230,Elevate Leggings,$44.80
231,Flex Sports Long Sleeve Crop Top,$28
232,Ruched Strappy Sports Bra,$30
233,Flex High Waisted Leggings,$50
234,Minimal Sports Bra,$30
235,Ruched Sports Bra,$30
236,Elevate Cycling Shorts,$19.20
237,Contour Heart Seamless Tank,$48
238,Sleek Backpack,$62
239,Training Department Graphic Oversized Joggers,$30
240,Everyday Seamless Crop Tank,$24
241,Silicone Grip Lifting Straps,$16
242,Vital Seamless 2.0 Leggings,$54
243,Crew Socks 3pk,$16
244,Crew Socks 5pk,$26
245,Strong Girl Lifting Club Oversized Graphic Crew,$42
246,Everyday Seamless Leggings,$38
247,Everyday Seamless Shorts,$28
248,Everyday Seamless Shorts,$28
249,Everyday Seamless Shorts,$28
250,Everyday Seamless Shorts,$28
251,Everyday Seamless Leggings,$38
252,Everyday Seamless Leggings,$38
253,Minimal Sports Bra,$30
254,Woven Pocket Shorts,$26.60
255,Everyday Seamless Sports Bra,$26
256,Sharkhead Backpack,$36
257,Vital Seamless 2.0 V Neck Sports Bra,$38
258,Crew Socks 3pk,$16
259,Small Everyday Gym Bag,$46
260,Crew Socks 5pk,$26
261,Sharkhead Cap,$26
262,Strength Department Graphic Top,$40
263,Vital Seamless Leggings,$54
264,Vital Seamless Leggings,$54
265,Vital Seamless Shorts,$40
266,Glute Boost Seamless Shorts,$48
267,Strong Girl Lifting Club Graphic T-Shirt,$34
268,Strong Girl Lifting Club Graphic T-Shirt,$34
269,Ruched Sports Bra,$30
270,Everyday Seamless Zip Tracktop,$48
271,Ruched Sports Bra,$30
272,GS Power Oversized T-Shirt,$36
273,GS Power Joggers,$56
274,Cut Out Bandeau,$30
275,Everyday Seamless Sports Bra,$26
276,Everyday Seamless Sports Bra,$26
277,Everyday Seamless Sports Bra,$26
278,Everyday Seamless Long Sleeve Crop Top,$28
279,Training Fleece Joggers,$42
280,Contour Heart Seamless Shorts,$44
281,Contour Heart Seamless Leggings,$60
282,Strength Department Graphic T-Shirt,$40
283,Strength Department Graphic T-Shirt,$40
284,Ruched Sports Bra,$30
285,Adapt Fleck Seamless Shorts,$44
286,Peek A Boo Sports Bra,$30
287,Ruched Sports Bra,$30
288,Vital Seamless 2.0 Shorts,$40
289,Everyday Sports Bra,$30
290,Elevate Leggings,$44.80
291,Flex Sports Long Sleeve Crop Top,$28
292,Ruched Strappy Sports Bra,$30
293,Flex High Waisted Leggings,$50
294,Minimal Sports Bra,$30
295,Ruched Sports Bra,$30
296,Elevate Cycling Shorts,$19.20
297,Contour Heart Seamless Tank,$48
298,Sleek Backpack,$62
299,Training Department Graphic Oversized Joggers,$30
300,Everyday Seamless Crop Tank,$24
301,Silicone Grip Lifting Straps,$16
302,Vital Seamless 2.0 Leggings,$54
303,Crew Socks 3pk,$16
304,Crew Socks 5pk,$26
305,Strong Girl Lifting Club Oversized Graphic Crew,$42
306,Everyday Seamless Leggings,$38
307,Everyday Seamless Shorts,$28
308,Everyday Seamless Shorts,$28
309,Everyday Seamless Shorts,$28
310,Everyday Seamless Shorts,$28
311,Everyday Seamless Leggings,$38
312,Everyday Seamless Leggings,$38
313,Minimal Sports Bra,$30
314,Woven Pocket Shorts,$26.60
315,Everyday Seamless Sports Bra,$26
316,Sharkhead Backpack,$36
317,Vital Seamless 2.0 V Neck Sports Bra,$38
318,Crew Socks 3pk,$16
319,Small Everyday Gym Bag,$46
320,Crew Socks 5pk,$26
321,Sharkhead Cap,$26
322,Strength Department Graphic Top,$40
323,Vital Seamless Leggings,$54
324,Vital Seamless Leggings,$54
325,Vital Seamless Shorts,$40
326,Glute Boost Seamless Shorts,$48
327,Strong Girl Lifting Club Graphic T-Shirt,$34
328,Strong Girl Lifting Club Graphic T-Shirt,$34
329,Ruched Sports Bra,$30
330,Everyday Seamless Zip Tracktop,$48
331,Ruched Sports Bra,$30
332,GS Power Oversized T-Shirt,$36
333,GS Power Joggers,$56
334,Cut Out Bandeau,$30
335,Everyday Seamless Sports Bra,$26
336,Everyday Seamless Sports Bra,$26
337,Everyday Seamless Sports Bra,$26
338,Everyday Seamless Long Sleeve Crop Top,$28
339,Training Fleece Joggers,$42
340,Contour Heart Seamless Shorts,$44
341,Contour Heart Seamless Leggings,$60
342,Strength Department Graphic T-Shirt,$40
343,Strength Department Graphic T-Shirt,$40
344,Ruched Sports Bra,$30
345,Adapt Fleck Seamless Shorts,$44
346,Peek A Boo Sports Bra,$30
347,Ruched Sports Bra,$30
348,Vital Seamless 2.0 Shorts,$40
349,Everyday Sports Bra,$30
350,Elevate Leggings,$44.80
351,Flex Sports Long Sleeve Crop Top,$28
352,Ruched Strappy Sports Bra,$30
353,Flex High Waisted Leggings,$50
354,Minimal Sports Bra,$30
355,Ruched Sports Bra,$30
356,Elevate Cycling Shorts,$19.20
357,Contour Heart Seamless Tank,$48
358,Sleek Backpack,$62
359,Training Department Graphic Oversized Joggers,$30
360,Everyday Seamless Crop Tank,$24
361,Silicone Grip Lifting Straps,$16
362,Vital Seamless 2.0 Leggings,$54
363,Crew Socks 3pk,$16
364,Crew Socks 5pk,$26
365,Strong Girl Lifting Club Oversized Graphic Crew,$42
366,Everyday Seamless Leggings,$38
367,Everyday Seamless Shorts,$28
368,Everyday Seamless Shorts,$28
369,Everyday Seamless Shorts,$28
370,Everyday Seamless Shorts,$28
371,Everyday Seamless Leggings,$38
372,Everyday Seamless Leggings,$38
373,Minimal Sports Bra,$30
374,Woven Pocket Shorts,$26.60
375,Everyday Seamless Sports Bra,$26
376,Sharkhead Backpack,$36
377,Vital Seamless 2.0 V Neck Sports Bra,$38
378,Crew Socks 3pk,$16
379,Small Everyday Gym Bag,$46
380,Crew Socks 5pk,$26
381,Sharkhead Cap,$26
382,Strength Department Graphic Top,$40
383,Vital Seamless Leggings,$54
384,Vital Seamless Leggings,$54
385,Vital Seamless Shorts,$40
386,Glute Boost Seamless Shorts,$48
387,Strong Girl Lifting Club Graphic T-Shirt,$34
388,Strong Girl Lifting Club Graphic T-Shirt,$34
389,Ruched Sports Bra,$30
390,Everyday Seamless Zip Tracktop,$48
391,Ruched Sports Bra,$30
392,GS Power Oversized T-Shirt,$36
393,GS Power Joggers,$56
394,Cut Out Bandeau,$30
395,Everyday Seamless Sports Bra,$26
396,Everyday Seamless Sports Bra,$26
397,Everyday Seamless Sports Bra,$26
398,Everyday Seamless Long Sleeve Crop Top,$28
399,Training Fleece Joggers,$42
400,Contour Heart Seamless Shorts,$44
401,Contour Heart Seamless Leggings,$60
402,Strength Department Graphic T-Shirt,$40
403,Strength Department Graphic T-Shirt,$40
404,Ruched Sports Bra,$30
405,Adapt Fleck Seamless Shorts,$44
406,Peek A Boo Sports Bra,$30
407,Ruched Sports Bra,$30
408,Vital Seamless 2.0 Shorts,$40
409,Everyday Sports Bra,$30
410,Elevate Leggings,$44.80
411,Flex Sports Long Sleeve Crop Top,$28
412,Ruched Strappy Sports Bra,$30
413,Flex High Waisted Leggings,$50
414,Minimal Sports Bra,$30
415,Ruched Sports Bra,$30
416,Elevate Cycling Shorts,$19.20
417,Contour Heart Seamless Tank,$48
418,Sleek Backpack,$62
419,Training Department Graphic Oversized Joggers,$30
420,Everyday Seamless Crop Tank,$24
421,Silicone Grip Lifting Straps,$16
422,Vital Seamless 2.0 Leggings,$54
423,Crew Socks 3pk,$16
424,Crew Socks 5pk,$26
425,Strong Girl Lifting Club Oversized Graphic Crew,$42
426,Everyday Seamless Leggings,$38
427,Everyday Seamless Shorts,$28
428,Everyday Seamless Shorts,$28
429,Everyday Seamless Shorts,$28
430,Everyday Seamless Shorts,$28
431,Everyday Seamless Leggings,$38
432,Everyday Seamless Leggings,$38
433,Minimal Sports Bra,$30
434,Woven Pocket Shorts,$26.60
435,Everyday Seamless Sports Bra,$26
436,Sharkhead Backpack,$36
437,Vital Seamless 2.0 V Neck Sports Bra,$38
438,Crew Socks 3pk,$16
439,Small Everyday Gym Bag,$46
440,Crew Socks 5pk,$26
441,Sharkhead Cap,$26
442,Strength Department Graphic Top,$40
443,Vital Seamless Leggings,$54
444,Vital Seamless Leggings,$54
445,Vital Seamless Shorts,$40
446,Glute Boost Seamless Shorts,$48
447,Strong Girl Lifting Club Graphic T-Shirt,$34
448,Strong Girl Lifting Club Graphic T-Shirt,$34
449,Ruched Sports Bra,$30
450,Everyday Seamless Zip Tracktop,$48
451,Ruched Sports Bra,$30
452,GS Power Oversized T-Shirt,$36
453,GS Power Joggers,$56
454,Cut Out Bandeau,$30
455,Everyday Seamless Sports Bra,$26
456,Everyday Seamless Sports Bra,$26
457,Everyday Seamless Sports Bra,$26
458,Everyday Seamless Long Sleeve Crop Top,$28
459,Training Fleece Joggers,$42
460,Contour Heart Seamless Shorts,$44
461,Contour Heart Seamless Leggings,$60
462,Strength Department Graphic T-Shirt,$40
463,Strength Department Graphic T-Shirt,$40
464,Ruched Sports Bra,$30
465,Adapt Fleck Seamless Shorts,$44
466,Peek A Boo Sports Bra,$30
467,Ruched Sports Bra,$30
468,Vital Seamless 2.0 Shorts,$40
469,Everyday Sports Bra,$30
470,Elevate Leggings,$44.80
471,Flex Sports Long Sleeve Crop Top,$28
472,Ruched Strappy Sports Bra,$30
473,Flex High Waisted Leggings,$50
474,Minimal Sports Bra,$30
475,Ruched Sports Bra,$30
476,Elevate Cycling Shorts,$19.20
477,Contour Heart Seamless Tank,$48
478,Sleek Backpack,$62
479,Training Department Graphic Oversized Joggers,$30
480,Everyday Seamless Crop Tank,$24
481,Silicone Grip Lifting Straps,$16
482,Vital Seamless 2.0 Leggings,$54
483,Crew Socks 3pk,$16
484,Crew Socks 5pk,$26
485,Strong Girl Lifting Club Oversized Graphic Crew,$42
486,Everyday Seamless Leggings,$38
487,Everyday Seamless Shorts,$28
488,Everyday Seamless Shorts,$28
489,Everyday Seamless Shorts,$28
490,Everyday Seamless Shorts,$28
491,Everyday Seamless Leggings,$38
492,Everyday Seamless Leggings,$38
493,Minimal Sports Bra,$30
494,Woven Pocket Shorts,$26.60
495,Everyday Seamless Sports Bra,$26
496,Sharkhead Backpack,$36
497,Vital Seamless 2.0 V Neck Sports Bra,$38
498,Crew Socks 3pk,$16
499,Small Everyday Gym Bag,$46
500,Crew Socks 5pk,$26
501,Sharkhead Cap,$26
502,Strength Department Graphic Top,$40
503,Vital Seamless Leggings,$54
504,Vital Seamless Leggings,$54
505,Vital Seamless Shorts,$40
506,Glute Boost Seamless Shorts,$48
507,Strong Girl Lifting Club Graphic T-Shirt,$34
508,Strong Girl Lifting Club Graphic T-Shirt,$34
509,Ruched Sports Bra,$30
510,Everyday Seamless Zip Tracktop,$48
511,Ruched Sports Bra,$30
512,GS Power Oversized T-Shirt,$36
513,GS Power Joggers,$56
514,Cut Out Bandeau,$30
515,Everyday Seamless Sports Bra,$26
516,Everyday Seamless Sports Bra,$26
517,Everyday Seamless Sports Bra,$26
518,Everyday Seamless Long Sleeve Crop Top,$28
519,Training Fleece Joggers,$42
520,Contour Heart Seamless Shorts,$44
521,Contour Heart Seamless Leggings,$60
522,Strength Department Graphic T-Shirt,$40
523,Strength Department Graphic T-Shirt,$40
524,Ruched Sports Bra,$30
525,Adapt Fleck Seamless Shorts,$44
526,Peek A Boo Sports Bra,$30
527,Ruched Sports Bra,$30
528,Vital Seamless 2.0 Shorts,$40
529,Everyday Sports Bra,$30
530,Elevate Leggings,$44.80
531,Flex Sports Long Sleeve Crop Top,$28
532,Ruched Strappy Sports Bra,$30
533,Flex High Waisted Leggings,$50
534,Minimal Sports Bra,$30
535,Ruched Sports Bra,$30
536,Elevate Cycling Shorts,$19.20
537,Contour Heart Seamless Tank,$48
538,Sleek Backpack,$62
539,Training Department Graphic Oversized Joggers,$30
540,Everyday Seamless Crop Tank,$24
541,Silicone Grip Lifting Straps,$16
542,Vital Seamless 2.0 Leggings,$54
543,Crew Socks 3pk,$16
544,Crew Socks 5pk,$26
545,Strong Girl Lifting Club Oversized Graphic Crew,$42
546,Everyday Seamless Leggings,$38
547,Everyday Seamless Shorts,$28
548,Everyday Seamless Shorts,$28
549,Everyday Seamless Shorts,$28
550,Everyday Seamless Shorts,$28
551,Everyday Seamless Leggings,$38
552,Everyday Seamless Leggings,$38
553,Minimal Sports Bra,$30
554,Woven Pocket Shorts,$26.60
555,Everyday Seamless Sports Bra,$26
556,Sharkhead Backpack,$36
557,Vital Seamless 2.0 V Neck Sports Bra,$38
558,Crew Socks 3pk,$16
559,Small Everyday Gym Bag,$46
560,Crew Socks 5pk,$26
561,Sharkhead Cap,$26
562,Strength Department Graphic Top,$40
563,Vital Seamless Leggings,$54
564,Vital Seamless Leggings,$54
565,Vital Seamless Shorts,$40
566,Glute Boost Seamless Shorts,$48
567,Strong Girl Lifting Club Graphic T-Shirt,$34
568,Strong Girl Lifting Club Graphic T-Shirt,$34
569,Ruched Sports Bra,$30
570,Everyday Seamless Zip Tracktop,$48
571,Ruched Sports Bra,$30
572,GS Power Oversized T-Shirt,$36
573,GS Power Joggers,$56
574,Cut Out Bandeau,$30
575,Everyday Seamless Sports Bra,$26
576,Everyday Seamless Sports Bra,$26
577,Everyday Seamless Sports Bra,$26
578,Everyday Seamless Long Sleeve Crop Top,$28
579,Training Fleece Joggers,$42
580,Contour Heart Seamless Shorts,$44
581,Contour Heart Seamless Leggings,$60
582,Strength Department Graphic T-Shirt,$40
583,Strength Department Graphic T-Shirt,$40
584,Ruched Sports Bra,$30
585,Adapt Fleck Seamless Shorts,$44
586,Peek A Boo Sports Bra,$30
587,Ruched Sports Bra,$30
588,Vital Seamless 2.0 Shorts,$40
589,Everyday Sports Bra,$30
590,Elevate Leggings,$44.80
591,Flex Sports Long Sleeve Crop Top,$28
592,Ruched Strappy Sports Bra,$30
593,Flex High Waisted Leggings,$50
594,Minimal Sports Bra,$30
595,Ruched Sports Bra,$30
596,Elevate Cycling Shorts,$19.20
597,Contour Heart Seamless Tank,$48
598,Sleek Backpack,$62
599,Training Department Graphic Oversized Joggers,$30
600,Everyday Seamless Crop Tank,$24
601,Silicone Grip Lifting Straps,$16
602,Vital Seamless 2.0 Leggings,$54
603,Crew Socks 3pk,$16
604,Crew Socks 5pk,$26
605,Strong Girl Lifting Club Oversized Graphic Crew,$42
606,Everyday Seamless Leggings,$38
607,Everyday Seamless Shorts,$28
608,Everyday Seamless Shorts,$28
609,Everyday Seamless Shorts,$28
610,Everyday Seamless Shorts,$28
611,Everyday Seamless Leggings,$38
612,Everyday Seamless Leggings,$38
613,Minimal Sports Bra,$30
614,Woven Pocket Shorts,$26.60
615,Everyday Seamless Sports Bra,$26
616,Sharkhead Backpack,$36
617,Vital Seamless 2.0 V Neck Sports Bra,$38
618,Crew Socks 3pk,$16
619,Small Everyday Gym Bag,$46
620,Crew Socks 5pk,$26
621,Sharkhead Cap,$26
622,Strength Department Graphic Top,$40
623,Vital Seamless Leggings,$54
624,Vital Seamless Leggings,$54
625,Vital Seamless Shorts,$40
626,Glute Boost Seamless Shorts,$48
627,Strong Girl Lifting Club Graphic T-Shirt,$34
628,Strong Girl Lifting Club Graphic T-Shirt,$34
629,Ruched Sports Bra,$30
630,Everyday Seamless Zip Tracktop,$48
631,Ruched Sports Bra,$30
632,GS Power Oversized T-Shirt,$36
633,GS Power Joggers,$56
634,Cut Out Bandeau,$30
635,Everyday Seamless Sports Bra,$26
636,Everyday Seamless Sports Bra,$26
637,Everyday Seamless Sports Bra,$26
638,Everyday Seamless Long Sleeve Crop Top,$28
639,Training Fleece Joggers,$42
640,Contour Heart Seamless Shorts,$44
641,Contour Heart Seamless Leggings,$60
642,Strength Department Graphic T-Shirt,$40
643,Strength Department Graphic T-Shirt,$40
644,Ruched Sports Bra,$30
645,Adapt Fleck Seamless Shorts,$44
646,Peek A Boo Sports Bra,$30
647,Ruched Sports Bra,$30
648,Vital Seamless 2.0 Shorts,$40
649,Everyday Sports Bra,$30
650,Elevate Leggings,$44.80
651,Flex Sports Long Sleeve Crop Top,$28
652,Ruched Strappy Sports Bra,$30
653,Flex High Waisted Leggings,$50
654,Minimal Sports Bra,$30
655,Ruched Sports Bra,$30
656,Elevate Cycling Shorts,$19.20
657,Contour Heart Seamless Tank,$48
658,Sleek Backpack,$62
659,Training Department Graphic Oversized Joggers,$30
660,Everyday Seamless Crop Tank,$24
661,Silicone Grip Lifting Straps,$16
662,Vital Seamless 2.0 Leggings,$54
663,Crew Socks 3pk,$16
664,Crew Socks 5pk,$26
665,Strong Girl Lifting Club Oversized Graphic Crew,$42
666,Everyday Seamless Leggings,$38
667,Everyday Seamless Shorts,$28
668,Everyday Seamless Shorts,$28
669,Everyday Seamless Shorts,$28
670,Everyday Seamless Shorts,$28
671,Everyday Seamless Leggings,$38
672,Everyday Seamless Leggings,$38
673,Minimal Sports Bra,$30
674,Woven Pocket Shorts,$26.60
675,Everyday Seamless Sports Bra,$26
676,Sharkhead Backpack,$36
677,Vital Seamless 2.0 V Neck Sports Bra,$38
678,Crew Socks 3pk,$16
679,Small Everyday Gym Bag,$46
680,Crew Socks 5pk,$26
681,Sharkhead Cap,$26
682,Strength Department Graphic Top,$40
683,Vital Seamless Leggings,$54
684,Vital Seamless Leggings,$54
685,Vital Seamless Shorts,$40
686,Glute Boost Seamless Shorts,$48
687,Strong Girl Lifting Club Graphic T-Shirt,$34
688,Strong Girl Lifting Club Graphic T-Shirt,$34
689,Ruched Sports Bra,$30
690,Everyday Seamless Zip Tracktop,$48
691,Ruched Sports Bra,$30
692,GS Power Oversized T-Shirt,$36
693,GS Power Joggers,$56
694,Cut Out Bandeau,$30
695,Everyday Seamless Sports Bra,$26
696,Everyday Seamless Sports Bra,$26
697,Everyday Seamless Sports Bra,$26
698,Everyday Seamless Long Sleeve Crop Top,$28
699,Training Fleece Joggers,$42
700,Contour Heart Seamless Shorts,$44
701,Contour Heart Seamless Leggings,$60
702,Strength Department Graphic T-Shirt,$40
703,Strength Department Graphic T-Shirt,$40
704,Ruched Sports Bra,$30
705,Adapt Fleck Seamless Shorts,$44
706,Peek A Boo Sports Bra,$30
707,Ruched Sports Bra,$30
708,Vital Seamless 2.0 Shorts,$40
709,Everyday Sports Bra,$30
710,Elevate Leggings,$44.80
711,Flex Sports Long Sleeve Crop Top,$28
712,Ruched Strappy Sports Bra,$30
713,Flex High Waisted Leggings,$50
714,Minimal Sports Bra,$30
715,Ruched Sports Bra,$30
716,Elevate Cycling Shorts,$19.20
717,Contour Heart Seamless Tank,$48
718,Sleek Backpack,$62
719,Training Department Graphic Oversized Joggers,$30
720,Everyday Seamless Crop Tank,$24
721,Silicone Grip Lifting Straps,$16
722,Vital Seamless 2.0 Leggings,$54
723,Crew Socks 3pk,$16
724,Crew Socks 5pk,$26
725,Strong Girl Lifting Club Oversized Graphic Crew,$42
726,Everyday Seamless Leggings,$38
727,Everyday Seamless Shorts,$28
728,Everyday Seamless Shorts,$28
729,Everyday Seamless Shorts,$28
730,Everyday Seamless Shorts,$28
731,Everyday Seamless Leggings,$38
732,Everyday Seamless Leggings,$38
733,Minimal Sports Bra,$30
734,Woven Pocket Shorts,$26.60
735,Everyday Seamless Sports Bra,$26
736,Sharkhead Backpack,$36
737,Vital Seamless 2.0 V Neck Sports Bra,$38
738,Crew Socks 3pk,$16
739,Small Everyday Gym Bag,$46
740,Crew Socks 5pk,$26
741,Sharkhead Cap,$26
742,Strength Department Graphic Top,$40
743,Vital Seamless Leggings,$54
744,Vital Seamless Leggings,$54
745,Vital Seamless Shorts,$40
746,Glute Boost Seamless Shorts,$48
747,Strong Girl Lifting Club Graphic T-Shirt,$34
748,Strong Girl Lifting Club Graphic T-Shirt,$34
749,Ruched Sports Bra,$30
750,Everyday Seamless Zip Tracktop,$48
751,Ruched Sports Bra,$30
752,GS Power Oversized T-Shirt,$36
753,GS Power Joggers,$56
754,Cut Out Bandeau,$30
755,Everyday Seamless Sports Bra,$26
756,Everyday Seamless Sports Bra,$26
757,Everyday Seamless Sports Bra,$26
758,Everyday Seamless Long Sleeve Crop Top,$28
759,Training Fleece Joggers,$42
760,Contour Heart Seamless Shorts,$44
761,Contour Heart Seamless Leggings,$60
762,Strength Department Graphic T-Shirt,$40
763,Strength Department Graphic T-Shirt,$40
764,Ruched Sports Bra,$30
765,Adapt Fleck Seamless Shorts,$44
766,Peek A Boo Sports Bra,$30
767,Ruched Sports Bra,$30
768,Vital Seamless 2.0 Shorts,$40
769,Everyday Sports Bra,$30
770,Elevate Leggings,$44.80
771,Flex Sports Long Sleeve Crop Top,$28
772,Ruched Strappy Sports Bra,$30
773,Flex High Waisted Leggings,$50
774,Minimal Sports Bra,$30
775,Ruched Sports Bra,$30
776,Elevate Cycling Shorts,$19.20
777,Contour Heart Seamless Tank,$48
778,Sleek Backpack,$62
779,Training Department Graphic Oversized Joggers,$30
780,Everyday Seamless Crop Tank,$24
781,Silicone Grip Lifting Straps,$16
782,Vital Seamless 2.0 Leggings,$54
783,Crew Socks 3pk,$16
784,Crew Socks 5pk,$26
785,Strong Girl Lifting Club Oversized Graphic Crew,$42
786,Everyday Seamless Leggings,$38
787,Everyday Seamless Shorts,$28
788,Everyday Seamless Shorts,$28
789,Everyday Seamless Shorts,$28
790,Everyday Seamless Shorts,$28
791,Everyday Seamless Leggings,$38
792,Everyday Seamless Leggings,$38
793,Minimal Sports Bra,$30
794,Woven Pocket Shorts,$26.60
795,Everyday Seamless Sports Bra,$26
796,Sharkhead Backpack,$36
797,Vital Seamless 2.0 V Neck Sports Bra,$38
798,Crew Socks 3pk,$16
799,Small Everyday Gym Bag,$46
800,Crew Socks 5pk,$26
801,Sharkhead Cap,$26
802,Strength Department Graphic Top,$40
803,Vital Seamless Leggings,$54
804,Vital Seamless Leggings,$54
805,Vital Seamless Shorts,$40
806,Glute Boost Seamless Shorts,$48
807,Strong Girl Lifting Club Graphic T-Shirt,$34
808,Strong Girl Lifting Club Graphic T-Shirt,$34
809,Ruched Sports Bra,$30
810,Everyday Seamless Zip Tracktop,$48
811,Ruched Sports Bra,$30
812,GS Power Oversized T-Shirt,$36
813,GS Power Joggers,$56
814,Cut Out Bandeau,$30
815,Everyday Seamless Sports Bra,$26
816,Everyday Seamless Sports Bra,$26
817,Everyday Seamless Sports Bra,$26
818,Everyday Seamless Long Sleeve Crop Top,$28
819,Training Fleece Joggers,$42
820,Contour Heart Seamless Shorts,$44
821,Contour Heart Seamless Leggings,$60
822,Strength Department Graphic T-Shirt,$40
823,Strength Department Graphic T-Shirt,$40
824,Ruched Sports Bra,$30
825,Adapt Fleck Seamless Shorts,$44
826,Peek A Boo Sports Bra,$30
827,Ruched Sports Bra,$30
828,Vital Seamless 2.0 Shorts,$40
829,Everyday Sports Bra,$30
830,Elevate Leggings,$44.80
831,Flex Sports Long Sleeve Crop Top,$28
832,Ruched Strappy Sports Bra,$30
833,Flex High Waisted Leggings,$50
834,Minimal Sports Bra,$30
835,Ruched Sports Bra,$30
836,Elevate Cycling Shorts,$19.20
837,Contour Heart Seamless Tank,$48
838,Sleek Backpack,$62
839,Training Department Graphic Oversized Joggers,$30
840,Everyday Seamless Crop Tank,$24
841,Silicone Grip Lifting Straps,$16
842,Vital Seamless 2.0 Leggings,$54
843,Crew Socks 3pk,$16
844,Crew Socks 5pk,$26
845,Strong Girl Lifting Club Oversized Graphic Crew,$42
846,Everyday Seamless Leggings,$38
847,Everyday Seamless Shorts,$28
848,Everyday Seamless Shorts,$28
849,Everyday Seamless Shorts,$28
850,Everyday Seamless Shorts,$28
851,Everyday Seamless Leggings,$38
852,Everyday Seamless Leggings,$38
853,Minimal Sports Bra,$30
854,Woven Pocket Shorts,$26.60
855,Everyday Seamless Sports Bra,$26
856,Sharkhead Backpack,$36
857,Vital Seamless 2.0 V Neck Sports Bra,$38
858,Crew Socks 3pk,$16
859,Small Everyday Gym Bag,$46
860,Crew Socks 5pk,$26
861,Sharkhead Cap,$26
862,Strength Department Graphic Top,$40
863,Vital Seamless Leggings,$54
864,Vital Seamless Leggings,$54
865,Vital Seamless Shorts,$40
866,Glute Boost Seamless Shorts,$48
867,Strong Girl Lifting Club Graphic T-Shirt,$34
868,Strong Girl Lifting Club Graphic T-Shirt,$34
869,Ruched Sports Bra,$30
870,Everyday Seamless Zip Tracktop,$48
871,Ruched Sports Bra,$30
872,GS Power Oversized T-Shirt,$36
873,GS Power Joggers,$56
874,Cut Out Bandeau,$30
875,Everyday Seamless Sports Bra,$26
876,Everyday Seamless Sports Bra,$26
877,Everyday Seamless Sports Bra,$26
878,Everyday Seamless Long Sleeve Crop Top,$28
879,Training Fleece Joggers,$42
880,Contour Heart Seamless Shorts,$44
881,Contour Heart Seamless Leggings,$60
882,Strength Department Graphic T-Shirt,$40
883,Strength Department Graphic T-Shirt,$40
884,Ruched Sports Bra,$30
885,Adapt Fleck Seamless Shorts,$44
886,Peek A Boo Sports Bra,$30
887,Ruched Sports Bra,$30
888,Vital Seamless 2.0 Shorts,$40
889,Everyday Sports Bra,$30
890,Elevate Leggings,$44.80
891,Flex Sports Long Sleeve Crop Top,$28
892,Ruched Strappy Sports Bra,$30
893,Flex High Waisted Leggings,$50
894,Minimal Sports Bra,$30
895,Ruched Sports Bra,$30
896,Elevate Cycling Shorts,$19.20
897,Contour Heart Seamless Tank,$48
898,Sleek Backpack,$62
899,Training Department Graphic Oversized Joggers,$30
900,Everyday Seamless Crop Tank,$24
901,Silicone Grip Lifting Straps,$16
902,Vital Seamless 2.0 Leggings,$54
903,Crew Socks 3pk,$16
904,Crew Socks 5pk,$26
905,Strong Girl Lifting Club Oversized Graphic Crew,$42
906,Everyday Seamless Leggings,$38
907,Everyday Seamless Shorts,$28
908,Everyday Seamless Shorts,$28
909,Everyday Seamless Shorts,$28
910,Everyday Seamless Shorts,$28
911,Everyday Seamless Leggings,$38
912,Everyday Seamless Leggings,$38
913,Minimal Sports Bra,$30
914,Woven Pocket Shorts,$26.60
915,Everyday Seamless Sports Bra,$26
916,Sharkhead Backpack,$36
917,Vital Seamless 2.0 V Neck Sports Bra,$38
918,Crew Socks 3pk,$16
919,Small Everyday Gym Bag,$46
920,Crew Socks 5pk,$26
921,Sharkhead Cap,$26
922,Strength Department Graphic Top,$40
923,Vital Seamless Leggings,$54
924,Vital Seamless Leggings,$54
925,Vital Seamless Shorts,$40
926,Glute Boost Seamless Shorts,$48
927,Strong Girl Lifting Club Graphic T-Shirt,$34
928,Strong Girl Lifting Club Graphic T-Shirt,$34
929,Ruched Sports Bra,$30
930,Everyday Seamless Zip Tracktop,$48
931,Ruched Sports Bra,$30
932,GS Power Oversized T-Shirt,$36
933,GS Power Joggers,$56
934,Cut Out Bandeau,$30
935,Everyday Seamless Sports Bra,$26
936,Everyday Seamless Sports Bra,$26
937,Everyday Seamless Sports Bra,$26
938,Everyday Seamless Long Sleeve Crop Top,$28
939,Training Fleece Joggers,$42
940,Contour Heart Seamless Shorts,$44
941,Contour Heart Seamless Leggings,$60
942,Strength Department Graphic T-Shirt,$40
943,Strength Department Graphic T-Shirt,$40
944,Ruched Sports Bra,$30
945,Adapt Fleck Seamless Shorts,$44
946,Peek A Boo Sports Bra,$30
947,Ruched Sports Bra,$30
948,Vital Seamless 2.0 Shorts,$40
949,Everyday Sports Bra,$30
950,Elevate Leggings,$44.80
951,Flex Sports Long Sleeve Crop Top,$28
952,Ruched Strappy Sports Bra,$30
953,Flex High Waisted Leggings,$50
954,Minimal Sports Bra,$30
955,Ruched Sports Bra,$30
956,Elevate Cycling Shorts,$19.20
957,Contour Heart Seamless Tank,$48
958,Sleek Backpack,$62
959,Training Department Graphic Oversized Joggers,$30
960,Everyday Seamless Crop Tank,$24
